{
"type": "FeatureCollection",
"name": "named_features",
"crs": { "type": "name", "properties": { "name": "urn:ogc:def:crs:OGC:1.3:CRS84" } },
"features": [
{ "type": "Feature", "properties": { "type": "lake", "name": "Phuphaoz", "size": 225713.0 }, "geometry": { "type": "Point", "coordinates": [ 45.0, -11.675 ] } },
{ "type": "Feature", "properties": { "type": "lake", "name": "Veinggavo", "size": 219564.0 }, "geometry": { "type": "Point", "coordinates": [ 16.95, 30.925 ] } },
{ "type": "Feature", "properties": { "type": "lake", "name": "Rugaxor", "size": 147714.0 }, "geometry": { "type": "Point", "coordinates": [ -36.45, -41.975 ] } },
{ "type": "Feature", "properties": { "type": "lake", "name": "Yamfimvai", "size": 139121.0 }, "geometry": { "type": "Point", "coordinates": [ -40.25, -22.15 ] } },
{ "type": "Feature", "properties": { "type": "lake", "name": "Meirubop", "size": 97261.0 }, "geometry": { "type": "Point", "coordinates": [ -99.675, 43.975 ] } },
{ "type": "Feature", "properties": { "type": "lake", "name": "Xixchiso", "size": 74861.0 }, "geometry": { "type": "Point", "coordinates": [ -65.575, -27.525 ] } },
{ "type": "Feature", "properties": { "type": "lake", "name": "Segsuyauv", "size": 67785.0 }, "geometry": { "type": "Point", "coordinates": [ 31.95, -0.825 ] } },
{ "type": "Feature", "properties": { "type": "lake", "name": "Dureag", "size": 67472.0 }, "geometry": { "type": "Point", "coordinates": [ -70.925, -32.025 ] } },
{ "type": "Feature", "properties": { "type": "lake", "name": "Hibemaib", "size": 65174.0 }, "geometry": { "type": "Point", "coordinates": [ -64.4, -11.875 ] } },
{ "type": "Feature", "properties": { "type": "lake", "name": "Mimeiri", "size": 64108.0 }, "geometry": { "type": "Point", "coordinates": [ -92.45, 41.375 ] } },
{ "type": "Feature", "properties": { "type": "lake", "name": "Vetbaibem", "size": 63682.0 }, "geometry": { "type": "Point", "coordinates": [ -99.6, 32.075 ] } },
{ "type": "Feature", "properties": { "type": "lake", "name": "Vaushulai", "size": 53617.0 }, "geometry": { "type": "Point", "coordinates": [ -66.275, -44.625 ] } },
{ "type": "Feature", "properties": { "type": "lake", "name": "Wowaumau", "size": 52660.0 }, "geometry": { "type": "Point", "coordinates": [ 31.325, -26.425 ] } },
{ "type": "Feature", "properties": { "type": "lake", "name": "Baumbiez", "size": 52460.0 }, "geometry": { "type": "Point", "coordinates": [ -55.825, 37.725 ] } },
{ "type": "Feature", "properties": { "type": "lake", "name": "Meirumi", "size": 51262.0 }, "geometry": { "type": "Point", "coordinates": [ -91.8, 45.675 ] } },
{ "type": "Feature", "properties": { "type": "lake", "name": "Uchituus", "size": 50846.0 }, "geometry": { "type": "Point", "coordinates": [ -63.1, -37.325 ] } },
{ "type": "Feature", "properties": { "type": "lake", "name": "Oruvvau", "size": 46836.0 }, "geometry": { "type": "Point", "coordinates": [ -68.925, -39.575 ] } },
{ "type": "Feature", "properties": { "type": "lake", "name": "Uvkhuor", "size": 46062.0 }, "geometry": { "type": "Point", "coordinates": [ -74.225, -46.625 ] } },
{ "type": "Feature", "properties": { "type": "lake", "name": "Kooveix", "size": 45535.0 }, "geometry": { "type": "Point", "coordinates": [ 13.675, 17.375 ] } },
{ "type": "Feature", "properties": { "type": "lake", "name": "Kaigeghha", "size": 44769.0 }, "geometry": { "type": "Point", "coordinates": [ -73.925, 41.225 ] } },
{ "type": "Feature", "properties": { "type": "lake", "name": "Segyauvhe", "size": 44256.0 }, "geometry": { "type": "Point", "coordinates": [ 35.05, -2.525 ] } },
{ "type": "Feature", "properties": { "type": "lake", "name": "Mxutusop", "size": 43748.0 }, "geometry": { "type": "Point", "coordinates": [ -61.25, -46.325 ] } },
{ "type": "Feature", "properties": { "type": "lake", "name": "Ozanpha", "size": 43717.0 }, "geometry": { "type": "Point", "coordinates": [ 39.6, -8.725 ] } },
{ "type": "Feature", "properties": { "type": "lake", "name": "Semuyum", "size": 43205.0 }, "geometry": { "type": "Point", "coordinates": [ -15.825, -33.725 ] } },
{ "type": "Feature", "properties": { "type": "lake", "name": "Loyimo", "size": 41739.0 }, "geometry": { "type": "Point", "coordinates": [ 40.475, 2.425 ] } },
{ "type": "Feature", "properties": { "type": "lake", "name": "Hehavxa", "size": 41364.0 }, "geometry": { "type": "Point", "coordinates": [ 31.675, -5.275 ] } },
{ "type": "Feature", "properties": { "type": "lake", "name": "Orlaizai", "size": 40673.0 }, "geometry": { "type": "Point", "coordinates": [ -68.675, -53.525 ] } },
{ "type": "Feature", "properties": { "type": "lake", "name": "Airaugam", "size": 40038.0 }, "geometry": { "type": "Point", "coordinates": [ -74.5, 37.125 ] } },
{ "type": "Feature", "properties": { "type": "lake", "name": "Gevuhavoi", "size": 40032.0 }, "geometry": { "type": "Point", "coordinates": [ 36.55, -4.375 ] } },
{ "type": "Feature", "properties": { "type": "lake", "name": "Yaestheikaukano", "size": 38366.0 }, "geometry": { "type": "Point", "coordinates": [ -11.7, -39.625 ] } },
{ "type": "Feature", "properties": { "type": "lake", "name": "Eahraa", "size": 38275.0 }, "geometry": { "type": "Point", "coordinates": [ -48.875, -23.725 ] } },
{ "type": "Feature", "properties": { "type": "lake", "name": "Kekabvush", "size": 37315.0 }, "geometry": { "type": "Point", "coordinates": [ -53.475, -41.925 ] } },
{ "type": "Feature", "properties": { "type": "lake", "name": "Egaikhavi", "size": 36964.0 }, "geometry": { "type": "Point", "coordinates": [ 43.25, -18.275 ] } },
{ "type": "Feature", "properties": { "type": "lake", "name": "Htsadeiwi", "size": 36122.0 }, "geometry": { "type": "Point", "coordinates": [ 46.95, 6.275 ] } },
{ "type": "Feature", "properties": { "type": "lake", "name": "Yutswozai", "size": 35836.0 }, "geometry": { "type": "Point", "coordinates": [ -69.75, -44.675 ] } },
{ "type": "Feature", "properties": { "type": "lake", "name": "Aivinyeiy", "size": 31628.0 }, "geometry": { "type": "Point", "coordinates": [ 35.3, 18.325 ] } },
{ "type": "Feature", "properties": { "type": "lake", "name": "Duektha", "size": 30998.0 }, "geometry": { "type": "Point", "coordinates": [ -49.15, -45.175 ] } },
{ "type": "Feature", "properties": { "type": "lake", "name": "Duubu", "size": 29254.0 }, "geometry": { "type": "Point", "coordinates": [ 123.55, 86.875 ] } },
{ "type": "Feature", "properties": { "type": "lake", "name": "Hrayoyaa", "size": 29245.0 }, "geometry": { "type": "Point", "coordinates": [ -61.975, -24.125 ] } },
{ "type": "Feature", "properties": { "type": "lake", "name": "Waetara", "size": 29111.0 }, "geometry": { "type": "Point", "coordinates": [ 36.7, -21.525 ] } },
{ "type": "Feature", "properties": { "type": "lake", "name": "Aekaimbau", "size": 28822.0 }, "geometry": { "type": "Point", "coordinates": [ -62.025, 39.725 ] } },
{ "type": "Feature", "properties": { "type": "lake", "name": "Uydokha", "size": 27790.0 }, "geometry": { "type": "Point", "coordinates": [ -57.725, -19.775 ] } },
{ "type": "Feature", "properties": { "type": "lake", "name": "Lovizveth", "size": 27255.0 }, "geometry": { "type": "Point", "coordinates": [ -75.275, -16.325 ] } },
{ "type": "Feature", "properties": { "type": "lake", "name": "Gegangvu", "size": 27203.0 }, "geometry": { "type": "Point", "coordinates": [ 25.225, -12.125 ] } },
{ "type": "Feature", "properties": { "type": "lake", "name": "Ghaivibem", "size": 26730.0 }, "geometry": { "type": "Point", "coordinates": [ -117.275, 36.875 ] } },
{ "type": "Feature", "properties": { "type": "lake", "name": "Thaiwekix", "size": 25378.0 }, "geometry": { "type": "Point", "coordinates": [ -49.975, -50.15 ] } },
{ "type": "Feature", "properties": { "type": "lake", "name": "Wipautsae", "size": 25370.0 }, "geometry": { "type": "Point", "coordinates": [ -55.125, 35.425 ] } },
{ "type": "Feature", "properties": { "type": "lake", "name": "Waerakhe", "size": 24948.0 }, "geometry": { "type": "Point", "coordinates": [ 44.125, -21.525 ] } },
{ "type": "Feature", "properties": { "type": "lake", "name": "Xuyaindai", "size": 24841.0 }, "geometry": { "type": "Point", "coordinates": [ -71.625, -28.275 ] } },
{ "type": "Feature", "properties": { "type": "lake", "name": "Maimhagha", "size": 24492.0 }, "geometry": { "type": "Point", "coordinates": [ -88.2, 40.175 ] } },
{ "type": "Feature", "properties": { "type": "lake", "name": "Paivii", "size": 24399.0 }, "geometry": { "type": "Point", "coordinates": [ -112.0, 35.425 ] } },
{ "type": "Feature", "properties": { "type": "lake", "name": "Galaexru", "size": 22966.0 }, "geometry": { "type": "Point", "coordinates": [ -31.775, -40.925 ] } },
{ "type": "Feature", "properties": { "type": "lake", "name": "Ekshekhav", "size": 22834.0 }, "geometry": { "type": "Point", "coordinates": [ -63.45, -54.075 ] } },
{ "type": "Feature", "properties": { "type": "lake", "name": "Xashaespu", "size": 21946.0 }, "geometry": { "type": "Point", "coordinates": [ 20.225, -10.075 ] } },
{ "type": "Feature", "properties": { "type": "lake", "name": "Egaira", "size": 21685.0 }, "geometry": { "type": "Point", "coordinates": [ 42.3, -16.675 ] } },
{ "type": "Feature", "properties": { "type": "lake", "name": "Lumraemsu", "size": 21504.0 }, "geometry": { "type": "Point", "coordinates": [ 34.775, -7.325 ] } },
{ "type": "Feature", "properties": { "type": "lake", "name": "Phonaushi", "size": 20246.0 }, "geometry": { "type": "Point", "coordinates": [ 37.075, -0.225 ] } },
{ "type": "Feature", "properties": { "type": "lake", "name": "Vainitim", "size": 19518.0 }, "geometry": { "type": "Point", "coordinates": [ 41.125, -23.075 ] } },
{ "type": "Feature", "properties": { "type": "lake", "name": "Vainirai", "size": 19351.0 }, "geometry": { "type": "Point", "coordinates": [ 45.025, -21.025 ] } },
{ "type": "Feature", "properties": { "type": "lake", "name": "Aikaigam", "size": 19336.0 }, "geometry": { "type": "Point", "coordinates": [ -79.975, 40.375 ] } },
{ "type": "Feature", "properties": { "type": "lake", "name": "Gheraibai", "size": 18783.0 }, "geometry": { "type": "Point", "coordinates": [ -86.225, 44.775 ] } },
{ "type": "Feature", "properties": { "type": "lake", "name": "Tsixirix", "size": 18603.0 }, "geometry": { "type": "Point", "coordinates": [ -56.375, -3.15 ] } },
{ "type": "Feature", "properties": { "type": "lake", "name": "Akafno", "size": 18313.0 }, "geometry": { "type": "Point", "coordinates": [ -48.65, 40.475 ] } },
{ "type": "Feature", "properties": { "type": "lake", "name": "Wouvvau", "size": 17113.0 }, "geometry": { "type": "Point", "coordinates": [ -77.875, -39.525 ] } },
{ "type": "Feature", "properties": { "type": "lake", "name": "Tsaemaughinazais", "size": 16619.0 }, "geometry": { "type": "Point", "coordinates": [ 44.85, 5.225 ] } },
{ "type": "Feature", "properties": { "type": "lake", "name": "Theifinai", "size": 16602.0 }, "geometry": { "type": "Point", "coordinates": [ 35.025, 22.875 ] } },
{ "type": "Feature", "properties": { "type": "lake", "name": "Aupuweiw", "size": 16367.0 }, "geometry": { "type": "Point", "coordinates": [ 51.15, -6.575 ] } },
{ "type": "Feature", "properties": { "type": "lake", "name": "Ozpomphae", "size": 16359.0 }, "geometry": { "type": "Point", "coordinates": [ 46.4, -7.475 ] } },
{ "type": "Feature", "properties": { "type": "lake", "name": "Fauwaure", "size": 16313.0 }, "geometry": { "type": "Point", "coordinates": [ 146.2, 87.325 ] } },
{ "type": "Feature", "properties": { "type": "lake", "name": "Ghaesaitsmauisila", "size": 15980.0 }, "geometry": { "type": "Point", "coordinates": [ 45.25, 10.575 ] } },
{ "type": "Feature", "properties": { "type": "lake", "name": "Maukhaiwi", "size": 15854.0 }, "geometry": { "type": "Point", "coordinates": [ 44.35, 10.775 ] } },
{ "type": "Feature", "properties": { "type": "lake", "name": "Aebaide", "size": 15433.0 }, "geometry": { "type": "Point", "coordinates": [ -109.4, 35.225 ] } },
{ "type": "Feature", "properties": { "type": "lake", "name": "Phaanzup", "size": 15363.0 }, "geometry": { "type": "Point", "coordinates": [ 36.875, -18.675 ] } },
{ "type": "Feature", "properties": { "type": "lake", "name": "Sonxesud", "size": 15166.0 }, "geometry": { "type": "Point", "coordinates": [ 30.7, -28.825 ] } },
{ "type": "Feature", "properties": { "type": "lake", "name": "Baipaide", "size": 15102.0 }, "geometry": { "type": "Point", "coordinates": [ -114.6, 37.075 ] } },
{ "type": "Feature", "properties": { "type": "lake", "name": "Soptukhos", "size": 14990.0 }, "geometry": { "type": "Point", "coordinates": [ -60.375, -42.05 ] } },
{ "type": "Feature", "properties": { "type": "lake", "name": "Ghauhingghinaza", "size": 14810.0 }, "geometry": { "type": "Point", "coordinates": [ 44.625, 7.475 ] } },
{ "type": "Feature", "properties": { "type": "lake", "name": "Dirubop", "size": 14801.0 }, "geometry": { "type": "Point", "coordinates": [ -107.9, 42.425 ] } },
{ "type": "Feature", "properties": { "type": "lake", "name": "Redaufau", "size": 14545.0 }, "geometry": { "type": "Point", "coordinates": [ -162.7, 86.925 ] } },
{ "type": "Feature", "properties": { "type": "lake", "name": "Ximoley", "size": 14486.0 }, "geometry": { "type": "Point", "coordinates": [ 40.625, -2.175 ] } },
{ "type": "Feature", "properties": { "type": "lake", "name": "Ivaexaen", "size": 14425.0 }, "geometry": { "type": "Point", "coordinates": [ 38.25, -21.125 ] } },
{ "type": "Feature", "properties": { "type": "lake", "name": "Ivautseg", "size": 14351.0 }, "geometry": { "type": "Point", "coordinates": [ 53.925, -8.775 ] } },
{ "type": "Feature", "properties": { "type": "lake", "name": "Vowlaivu", "size": 14194.0 }, "geometry": { "type": "Point", "coordinates": [ -64.025, -44.125 ] } },
{ "type": "Feature", "properties": { "type": "lake", "name": "Haenowots", "size": 14121.0 }, "geometry": { "type": "Point", "coordinates": [ 1.15, 3.675 ] } },
{ "type": "Feature", "properties": { "type": "lake", "name": "Matzupoz", "size": 13682.0 }, "geometry": { "type": "Point", "coordinates": [ 44.1, -7.875 ] } },
{ "type": "Feature", "properties": { "type": "lake", "name": "Kgokairei", "size": 13661.0 }, "geometry": { "type": "Point", "coordinates": [ 18.5, 14.275 ] } },
{ "type": "Feature", "properties": { "type": "lake", "name": "Antaephai", "size": 13657.0 }, "geometry": { "type": "Point", "coordinates": [ 49.6, -6.875 ] } },
{ "type": "Feature", "properties": { "type": "lake", "name": "Kairukei", "size": 13621.0 }, "geometry": { "type": "Point", "coordinates": [ 26.325, 13.075 ] } },
{ "type": "Feature", "properties": { "type": "lake", "name": "Seulih", "size": 12879.0 }, "geometry": { "type": "Point", "coordinates": [ -29.45, 30.5 ] } },
{ "type": "Feature", "properties": { "type": "lake", "name": "Zuppomozi", "size": 12809.0 }, "geometry": { "type": "Point", "coordinates": [ 39.475, -14.075 ] } },
{ "type": "Feature", "properties": { "type": "lake", "name": "Phaanpom", "size": 12650.0 }, "geometry": { "type": "Point", "coordinates": [ 27.025, -12.925 ] } },
{ "type": "Feature", "properties": { "type": "lake", "name": "Loyixior", "size": 12516.0 }, "geometry": { "type": "Point", "coordinates": [ 36.7, 0.85 ] } },
{ "type": "Feature", "properties": { "type": "lake", "name": "Seggaexvu", "size": 12477.0 }, "geometry": { "type": "Point", "coordinates": [ 33.375, -2.375 ] } },
{ "type": "Feature", "properties": { "type": "lake", "name": "Yauzontho", "size": 12339.0 }, "geometry": { "type": "Point", "coordinates": [ -1.525, -39.75 ] } },
{ "type": "Feature", "properties": { "type": "lake", "name": "Aivaintai", "size": 12265.0 }, "geometry": { "type": "Point", "coordinates": [ 42.4, -20.875 ] } },
{ "type": "Feature", "properties": { "type": "lake", "name": "Yetsvetae", "size": 12059.0 }, "geometry": { "type": "Point", "coordinates": [ -116.375, 40.775 ] } },
{ "type": "Feature", "properties": { "type": "lake", "name": "Matanphae", "size": 11917.0 }, "geometry": { "type": "Point", "coordinates": [ 32.125, -12.625 ] } },
{ "type": "Feature", "properties": { "type": "lake", "name": "Paidekhi", "size": 11838.0 }, "geometry": { "type": "Point", "coordinates": [ -106.025, 36.425 ] } },
{ "type": "Feature", "properties": { "type": "lake", "name": "Fimtaiyam", "size": 11733.0 }, "geometry": { "type": "Point", "coordinates": [ -45.075, -24.3 ] } },
{ "type": "Feature", "properties": { "type": "lake", "name": "Kheivizxo", "size": 11698.0 }, "geometry": { "type": "Point", "coordinates": [ -75.075, -14.65 ] } },
{ "type": "Feature", "properties": { "type": "lake", "name": "Aefaivin", "size": 11593.0 }, "geometry": { "type": "Point", "coordinates": [ 26.125, 25.725 ] } },
{ "type": "Feature", "properties": { "type": "lake", "name": "Iwenvi", "size": 11304.0 }, "geometry": { "type": "Point", "coordinates": [ -111.75, 38.575 ] } },
{ "type": "Feature", "properties": { "type": "lake", "name": "Xinaushi", "size": 11251.0 }, "geometry": { "type": "Point", "coordinates": [ 39.45, 0.225 ] } },
{ "type": "Feature", "properties": { "type": "lake", "name": "Matanaesh", "size": 10945.0 }, "geometry": { "type": "Point", "coordinates": [ 36.2, -10.375 ] } },
{ "type": "Feature", "properties": { "type": "lake", "name": "Efeghdagh", "size": 10828.0 }, "geometry": { "type": "Point", "coordinates": [ -51.825, 37.975 ] } },
{ "type": "Feature", "properties": { "type": "lake", "name": "Ghekaigha", "size": 10732.0 }, "geometry": { "type": "Point", "coordinates": [ -81.2, 34.375 ] } },
{ "type": "Feature", "properties": { "type": "lake", "name": "Lairumaen", "size": 10538.0 }, "geometry": { "type": "Point", "coordinates": [ -34.3, -43.175 ] } },
{ "type": "Feature", "properties": { "type": "lake", "name": "Haraume", "size": 10389.0 }, "geometry": { "type": "Point", "coordinates": [ -90.15, 43.225 ] } },
{ "type": "Feature", "properties": { "type": "lake", "name": "Mattaenan", "size": 10379.0 }, "geometry": { "type": "Point", "coordinates": [ 31.325, -16.925 ] } },
{ "type": "Feature", "properties": { "type": "lake", "name": "Anaeshmat", "size": 10375.0 }, "geometry": { "type": "Point", "coordinates": [ 46.55, -13.05 ] } },
{ "type": "Feature", "properties": { "type": "lake", "name": "Faeghixe", "size": 10355.0 }, "geometry": { "type": "Point", "coordinates": [ -48.7, 37.475 ] } },
{ "type": "Feature", "properties": { "type": "lake", "name": "Wiezaek", "size": 10330.0 }, "geometry": { "type": "Point", "coordinates": [ -64.825, 36.825 ] } },
{ "type": "Feature", "properties": { "type": "lake", "name": "Khuoraits", "size": 10239.0 }, "geometry": { "type": "Point", "coordinates": [ -81.075, -39.175 ] } },
{ "type": "Feature", "properties": { "type": "lake", "name": "Gonpuwau", "size": 9951.0 }, "geometry": { "type": "Point", "coordinates": [ 52.05, -0.775 ] } },
{ "type": "Feature", "properties": { "type": "lake", "name": "Tsaekhweideingilais", "size": 9901.0 }, "geometry": { "type": "Point", "coordinates": [ 45.875, 7.375 ] } },
{ "type": "Feature", "properties": { "type": "lake", "name": "Habaumeir", "size": 9894.0 }, "geometry": { "type": "Point", "coordinates": [ -74.8, 35.425 ] } },
{ "type": "Feature", "properties": { "type": "lake", "name": "Kaukkheithkaenath", "size": 9853.0 }, "geometry": { "type": "Point", "coordinates": [ -15.65, -39.2 ] } },
{ "type": "Feature", "properties": { "type": "lake", "name": "Yiphoxnit", "size": 9673.0 }, "geometry": { "type": "Point", "coordinates": [ 40.45, -0.975 ] } },
{ "type": "Feature", "properties": { "type": "lake", "name": "Deiwiphwa", "size": 9416.0 }, "geometry": { "type": "Point", "coordinates": [ 42.225, 8.55 ] } },
{ "type": "Feature", "properties": { "type": "lake", "name": "Tbeibemai", "size": 9382.0 }, "geometry": { "type": "Point", "coordinates": [ -49.2, -3.125 ] } },
{ "type": "Feature", "properties": { "type": "lake", "name": "Daifutse", "size": 9254.0 }, "geometry": { "type": "Point", "coordinates": [ -76.075, -29.925 ] } },
{ "type": "Feature", "properties": { "type": "lake", "name": "Nyedevo", "size": 9078.0 }, "geometry": { "type": "Point", "coordinates": [ -77.55, 37.725 ] } },
{ "type": "Feature", "properties": { "type": "lake", "name": "Iegtim", "size": 9026.0 }, "geometry": { "type": "Point", "coordinates": [ 42.125, -24.85 ] } },
{ "type": "Feature", "properties": { "type": "lake", "name": "Pankaime", "size": 8950.0 }, "geometry": { "type": "Point", "coordinates": [ -81.5, 47.475 ] } },
{ "type": "Feature", "properties": { "type": "lake", "name": "Ghaikhivi", "size": 8938.0 }, "geometry": { "type": "Point", "coordinates": [ -118.9, 41.325 ] } },
{ "type": "Feature", "properties": { "type": "lake", "name": "Neixxei", "size": 8895.0 }, "geometry": { "type": "Point", "coordinates": [ -46.025, 43.325 ] } },
{ "type": "Feature", "properties": { "type": "lake", "name": "Ufxaunfai", "size": 8852.0 }, "geometry": { "type": "Point", "coordinates": [ 32.35, -31.575 ] } },
{ "type": "Feature", "properties": { "type": "lake", "name": "Tsurexah", "size": 8806.0 }, "geometry": { "type": "Point", "coordinates": [ -72.15, -26.675 ] } },
{ "type": "Feature", "properties": { "type": "lake", "name": "Pleiweingeiwira", "size": 8770.0 }, "geometry": { "type": "Point", "coordinates": [ 48.475, -5.275 ] } },
{ "type": "Feature", "properties": { "type": "lake", "name": "Vaetimius", "size": 8706.0 }, "geometry": { "type": "Point", "coordinates": [ 47.25, -14.675 ] } },
{ "type": "Feature", "properties": { "type": "lake", "name": "Mephmekau", "size": 8690.0 }, "geometry": { "type": "Point", "coordinates": [ -73.175, -10.5 ] } },
{ "type": "Feature", "properties": { "type": "lake", "name": "Daidughae", "size": 8631.0 }, "geometry": { "type": "Point", "coordinates": [ -72.125, -22.825 ] } },
{ "type": "Feature", "properties": { "type": "lake", "name": "Giegxaeni", "size": 8616.0 }, "geometry": { "type": "Point", "coordinates": [ 40.8, -19.025 ] } },
{ "type": "Feature", "properties": { "type": "lake", "name": "Kaimaizai", "size": 8558.0 }, "geometry": { "type": "Point", "coordinates": [ -88.625, 34.725 ] } },
{ "type": "Feature", "properties": { "type": "lake", "name": "Rauhagaib", "size": 8553.0 }, "geometry": { "type": "Point", "coordinates": [ -85.45, 37.975 ] } },
{ "type": "Feature", "properties": { "type": "lake", "name": "Oditsih", "size": 8548.0 }, "geometry": { "type": "Point", "coordinates": [ -93.625, 30.375 ] } },
{ "type": "Feature", "properties": { "type": "lake", "name": "Gesugraf", "size": 8380.0 }, "geometry": { "type": "Point", "coordinates": [ 28.275, -4.725 ] } },
{ "type": "Feature", "properties": { "type": "lake", "name": "Xaefuyain", "size": 8374.0 }, "geometry": { "type": "Point", "coordinates": [ -79.0, -30.575 ] } },
{ "type": "Feature", "properties": { "type": "lake", "name": "Tauhuwum", "size": 8368.0 }, "geometry": { "type": "Point", "coordinates": [ 23.0, 8.925 ] } },
{ "type": "Feature", "properties": { "type": "lake", "name": "Kevidu", "size": 8360.0 }, "geometry": { "type": "Point", "coordinates": [ -47.2, -52.425 ] } },
{ "type": "Feature", "properties": { "type": "lake", "name": "Shikiihir", "size": 8247.0 }, "geometry": { "type": "Point", "coordinates": [ -31.3, 35.55 ] } },
{ "type": "Feature", "properties": { "type": "lake", "name": "Laikhuzai", "size": 8241.0 }, "geometry": { "type": "Point", "coordinates": [ -71.375, -36.125 ] } },
{ "type": "Feature", "properties": { "type": "lake", "name": "Ximoyieth", "size": 8220.0 }, "geometry": { "type": "Point", "coordinates": [ 45.05, -1.125 ] } },
{ "type": "Feature", "properties": { "type": "lake", "name": "Aldxuchae", "size": 8220.0 }, "geometry": { "type": "Point", "coordinates": [ -41.125, -28.125 ] } },
{ "type": "Feature", "properties": { "type": "lake", "name": "Ubixuv", "size": 8220.0 }, "geometry": { "type": "Point", "coordinates": [ -61.35, -50.2 ] } },
{ "type": "Feature", "properties": { "type": "lake", "name": "Sughavxa", "size": 8193.0 }, "geometry": { "type": "Point", "coordinates": [ 36.475, -7.0 ] } },
{ "type": "Feature", "properties": { "type": "lake", "name": "Viafixaru", "size": 8185.0 }, "geometry": { "type": "Point", "coordinates": [ -43.3, -53.95 ] } },
{ "type": "Feature", "properties": { "type": "lake", "name": "Peivaefai", "size": 8111.0 }, "geometry": { "type": "Point", "coordinates": [ 36.525, 13.675 ] } },
{ "type": "Feature", "properties": { "type": "lake", "name": "Viiwael", "size": 8065.0 }, "geometry": { "type": "Point", "coordinates": [ -109.6, 37.675 ] } },
{ "type": "Feature", "properties": { "type": "lake", "name": "Khaiwidai", "size": 7972.0 }, "geometry": { "type": "Point", "coordinates": [ 41.525, 5.275 ] } },
{ "type": "Feature", "properties": { "type": "lake", "name": "Deiwidai", "size": 7962.0 }, "geometry": { "type": "Point", "coordinates": [ 48.9, 7.725 ] } },
{ "type": "Feature", "properties": { "type": "lake", "name": "Vowuvkhu", "size": 7941.0 }, "geometry": { "type": "Point", "coordinates": [ -60.775, -58.675 ] } },
{ "type": "Feature", "properties": { "type": "lake", "name": "Aummonsae", "size": 7921.0 }, "geometry": { "type": "Point", "coordinates": [ -6.7, -38.9 ] } },
{ "type": "Feature", "properties": { "type": "lake", "name": "Maizmeha", "size": 7894.0 }, "geometry": { "type": "Point", "coordinates": [ -79.05, 44.525 ] } },
{ "type": "Feature", "properties": { "type": "lake", "name": "Paivikhi", "size": 7814.0 }, "geometry": { "type": "Point", "coordinates": [ -108.975, 44.225 ] } },
{ "type": "Feature", "properties": { "type": "lake", "name": "Ugaubzbau", "size": 7592.0 }, "geometry": { "type": "Point", "coordinates": [ 15.9, 87.425 ] } },
{ "type": "Feature", "properties": { "type": "lake", "name": "Papesul", "size": 7537.0 }, "geometry": { "type": "Point", "coordinates": [ -17.4, -30.925 ] } },
{ "type": "Feature", "properties": { "type": "lake", "name": "Tsihobop", "size": 7507.0 }, "geometry": { "type": "Point", "coordinates": [ -92.65, 35.325 ] } },
{ "type": "Feature", "properties": { "type": "lake", "name": "Uxdxudaex", "size": 7487.0 }, "geometry": { "type": "Point", "coordinates": [ -46.25, -27.075 ] } },
{ "type": "Feature", "properties": { "type": "lake", "name": "Tsipmoro", "size": 7481.0 }, "geometry": { "type": "Point", "coordinates": [ -99.8, 36.9 ] } },
{ "type": "Feature", "properties": { "type": "lake", "name": "Anmattaen", "size": 7365.0 }, "geometry": { "type": "Point", "coordinates": [ 33.6, -21.925 ] } },
{ "type": "Feature", "properties": { "type": "lake", "name": "Yuvauvu", "size": 7303.0 }, "geometry": { "type": "Point", "coordinates": [ -74.45, -39.675 ] } },
{ "type": "Feature", "properties": { "type": "lake", "name": "Phaanphu", "size": 7284.0 }, "geometry": { "type": "Point", "coordinates": [ 48.225, -12.925 ] } },
{ "type": "Feature", "properties": { "type": "lake", "name": "Meraibha", "size": 7280.0 }, "geometry": { "type": "Point", "coordinates": [ -78.1, 48.775 ] } },
{ "type": "Feature", "properties": { "type": "lake", "name": "Tsuxeyain", "size": 7222.0 }, "geometry": { "type": "Point", "coordinates": [ -76.2, -31.775 ] } },
{ "type": "Feature", "properties": { "type": "lake", "name": "Vetwenae", "size": 7174.0 }, "geometry": { "type": "Point", "coordinates": [ -93.9, 51.425 ] } },
{ "type": "Feature", "properties": { "type": "lake", "name": "Yaushuvwo", "size": 7160.0 }, "geometry": { "type": "Point", "coordinates": [ -77.05, -48.425 ] } },
{ "type": "Feature", "properties": { "type": "lake", "name": "Phumatani", "size": 7105.0 }, "geometry": { "type": "Point", "coordinates": [ 28.525, -25.725 ] } },
{ "type": "Feature", "properties": { "type": "lake", "name": "Aubeiwbau", "size": 6986.0 }, "geometry": { "type": "Point", "coordinates": [ 56.35, -0.175 ] } },
{ "type": "Feature", "properties": { "type": "lake", "name": "Taengxefu", "size": 6970.0 }, "geometry": { "type": "Point", "coordinates": [ -70.55, -26.375 ] } },
{ "type": "Feature", "properties": { "type": "lake", "name": "Mauwihtsa", "size": 6949.0 }, "geometry": { "type": "Point", "coordinates": [ 44.425, 12.1 ] } },
{ "type": "Feature", "properties": { "type": "lake", "name": "Rubeidpau", "size": 6949.0 }, "geometry": { "type": "Point", "coordinates": [ -55.575, 72.525 ] } },
{ "type": "Feature", "properties": { "type": "lake", "name": "Deiwighae", "size": 6934.0 }, "geometry": { "type": "Point", "coordinates": [ 47.675, 8.775 ] } },
{ "type": "Feature", "properties": { "type": "lake", "name": "Aupuwgon", "size": 6931.0 }, "geometry": { "type": "Point", "coordinates": [ 52.8, -7.275 ] } },
{ "type": "Feature", "properties": { "type": "lake", "name": "Gaibhame", "size": 6740.0 }, "geometry": { "type": "Point", "coordinates": [ -80.975, 41.475 ] } },
{ "type": "Feature", "properties": { "type": "lake", "name": "Zonaumsae", "size": 6695.0 }, "geometry": { "type": "Point", "coordinates": [ -4.3, -38.425 ] } },
{ "type": "Feature", "properties": { "type": "lake", "name": "Wideimau", "size": 6694.0 }, "geometry": { "type": "Point", "coordinates": [ 46.825, 8.525 ] } },
{ "type": "Feature", "properties": { "type": "lake", "name": "Xiphkevai", "size": 6681.0 }, "geometry": { "type": "Point", "coordinates": [ 44.825, -18.775 ] } },
{ "type": "Feature", "properties": { "type": "lake", "name": "Panbaugha", "size": 6680.0 }, "geometry": { "type": "Point", "coordinates": [ -83.85, 47.775 ] } },
{ "type": "Feature", "properties": { "type": "lake", "name": "Keipoghru", "size": 6568.0 }, "geometry": { "type": "Point", "coordinates": [ 20.85, 18.525 ] } },
{ "type": "Feature", "properties": { "type": "lake", "name": "Phuoztaen", "size": 6502.0 }, "geometry": { "type": "Point", "coordinates": [ 31.3, -17.925 ] } },
{ "type": "Feature", "properties": { "type": "lake", "name": "Domeimi", "size": 6402.0 }, "geometry": { "type": "Point", "coordinates": [ -103.575, 38.625 ] } },
{ "type": "Feature", "properties": { "type": "lake", "name": "Tusumo", "size": 6381.0 }, "geometry": { "type": "Point", "coordinates": [ -58.4, -31.825 ] } },
{ "type": "Feature", "properties": { "type": "lake", "name": "Ghehakai", "size": 6321.0 }, "geometry": { "type": "Point", "coordinates": [ -80.675, 46.625 ] } },
{ "type": "Feature", "properties": { "type": "lake", "name": "Zupphuoz", "size": 6316.0 }, "geometry": { "type": "Point", "coordinates": [ 33.65, -10.775 ] } },
{ "type": "Feature", "properties": { "type": "lake", "name": "Ozzupphae", "size": 6289.0 }, "geometry": { "type": "Point", "coordinates": [ 43.5, -9.125 ] } },
{ "type": "Feature", "properties": { "type": "lake", "name": "Khachfoya", "size": 6276.0 }, "geometry": { "type": "Point", "coordinates": [ -42.55, 49.275 ] } },
{ "type": "Feature", "properties": { "type": "lake", "name": "Gikheta", "size": 6269.0 }, "geometry": { "type": "Point", "coordinates": [ 43.85, -19.225 ] } },
{ "type": "Feature", "properties": { "type": "lake", "name": "Vetkhibai", "size": 6257.0 }, "geometry": { "type": "Point", "coordinates": [ -107.125, 38.875 ] } },
{ "type": "Feature", "properties": { "type": "lake", "name": "Tsuraere", "size": 6233.0 }, "geometry": { "type": "Point", "coordinates": [ -71.825, -24.575 ] } },
{ "type": "Feature", "properties": { "type": "lake", "name": "Memaizgha", "size": 6207.0 }, "geometry": { "type": "Point", "coordinates": [ -78.1, 40.075 ] } },
{ "type": "Feature", "properties": { "type": "lake", "name": "Rakhei", "size": 6203.0 }, "geometry": { "type": "Point", "coordinates": [ 48.6, -15.175 ] } },
{ "type": "Feature", "properties": { "type": "lake", "name": "Yaustevae", "size": 6201.0 }, "geometry": { "type": "Point", "coordinates": [ 13.15, 13.2 ] } },
{ "type": "Feature", "properties": { "type": "lake", "name": "Vaegiegus", "size": 6183.0 }, "geometry": { "type": "Point", "coordinates": [ 35.65, -21.475 ] } },
{ "type": "Feature", "properties": { "type": "lake", "name": "Augonreir", "size": 6181.0 }, "geometry": { "type": "Point", "coordinates": [ 54.075, -1.025 ] } },
{ "type": "Feature", "properties": { "type": "lake", "name": "Haraugha", "size": 6118.0 }, "geometry": { "type": "Point", "coordinates": [ -75.25, 49.025 ] } },
{ "type": "Feature", "properties": { "type": "lake", "name": "Iviwaets", "size": 6058.0 }, "geometry": { "type": "Point", "coordinates": [ -95.675, 29.825 ] } },
{ "type": "Feature", "properties": { "type": "lake", "name": "Leiphonau", "size": 6050.0 }, "geometry": { "type": "Point", "coordinates": [ 37.725, 3.025 ] } },
{ "type": "Feature", "properties": { "type": "lake", "name": "Xuagkhe", "size": 6023.0 }, "geometry": { "type": "Point", "coordinates": [ -68.975, -15.3 ] } },
{ "type": "Feature", "properties": { "type": "lake", "name": "Khuyuzuar", "size": 6014.0 }, "geometry": { "type": "Point", "coordinates": [ -65.15, -52.025 ] } },
{ "type": "Feature", "properties": { "type": "lake", "name": "Puwgonpei", "size": 5811.0 }, "geometry": { "type": "Point", "coordinates": [ 50.875, 0.075 ] } },
{ "type": "Feature", "properties": { "type": "lake", "name": "Rurebeid", "size": 5775.0 }, "geometry": { "type": "Point", "coordinates": [ -105.375, 85.725 ] } },
{ "type": "Feature", "properties": { "type": "lake", "name": "Kiulei", "size": 5760.0 }, "geometry": { "type": "Point", "coordinates": [ -32.55, 14.025 ] } },
{ "type": "Feature", "properties": { "type": "lake", "name": "Rumopoeth", "size": 5748.0 }, "geometry": { "type": "Point", "coordinates": [ -103.75, 41.825 ] } },
{ "type": "Feature", "properties": { "type": "lake", "name": "Leiloley", "size": 5737.0 }, "geometry": { "type": "Point", "coordinates": [ 46.425, 3.575 ] } },
{ "type": "Feature", "properties": { "type": "lake", "name": "Tsaekhexu", "size": 5718.0 }, "geometry": { "type": "Point", "coordinates": [ -74.325, -32.425 ] } },
{ "type": "Feature", "properties": { "type": "lake", "name": "Vipaikhi", "size": 5715.0 }, "geometry": { "type": "Point", "coordinates": [ -104.175, 31.975 ] } },
{ "type": "Feature", "properties": { "type": "lake", "name": "Rafsuseg", "size": 5709.0 }, "geometry": { "type": "Point", "coordinates": [ 32.35, -10.775 ] } },
{ "type": "Feature", "properties": { "type": "lake", "name": "Duxaetsu", "size": 5662.0 }, "geometry": { "type": "Point", "coordinates": [ -75.2, -25.575 ] } },
{ "type": "Feature", "properties": { "type": "lake", "name": "Hagamgha", "size": 5484.0 }, "geometry": { "type": "Point", "coordinates": [ -90.05, 44.825 ] } },
{ "type": "Feature", "properties": { "type": "lake", "name": "Hraaheph", "size": 5440.0 }, "geometry": { "type": "Point", "coordinates": [ -51.65, -21.45 ] } },
{ "type": "Feature", "properties": { "type": "lake", "name": "Rauhamaiz", "size": 5410.0 }, "geometry": { "type": "Point", "coordinates": [ -79.025, 47.875 ] } },
{ "type": "Feature", "properties": { "type": "lake", "name": "Ghaunhingghauazaila", "size": 5404.0 }, "geometry": { "type": "Point", "coordinates": [ 43.5, 9.025 ] } },
{ "type": "Feature", "properties": { "type": "lake", "name": "Aiwaegius", "size": 5310.0 }, "geometry": { "type": "Point", "coordinates": [ 48.475, -17.35 ] } },
{ "type": "Feature", "properties": { "type": "lake", "name": "Yauvfuvvu", "size": 5307.0 }, "geometry": { "type": "Point", "coordinates": [ 34.3, -9.275 ] } },
{ "type": "Feature", "properties": { "type": "lake", "name": "Chimxusop", "size": 5231.0 }, "geometry": { "type": "Point", "coordinates": [ -59.5, -33.675 ] } },
{ "type": "Feature", "properties": { "type": "lake", "name": "Laiwoyuts", "size": 5216.0 }, "geometry": { "type": "Point", "coordinates": [ -63.3, -48.95 ] } },
{ "type": "Feature", "properties": { "type": "lake", "name": "Timaixaen", "size": 5149.0 }, "geometry": { "type": "Point", "coordinates": [ 39.525, -23.0 ] } },
{ "type": "Feature", "properties": { "type": "lake", "name": "Deviwen", "size": 5134.0 }, "geometry": { "type": "Point", "coordinates": [ -105.2, 31.975 ] } },
{ "type": "Feature", "properties": { "type": "lake", "name": "Huwumi", "size": 5112.0 }, "geometry": { "type": "Point", "coordinates": [ 21.45, 7.775 ] } },
{ "type": "Feature", "properties": { "type": "lake", "name": "Geghmeghe", "size": 5104.0 }, "geometry": { "type": "Point", "coordinates": [ -81.175, 49.225 ] } },
{ "type": "Feature", "properties": { "type": "lake", "name": "Havsegvu", "size": 5104.0 }, "geometry": { "type": "Point", "coordinates": [ 29.225, -5.825 ] } },
{ "type": "Feature", "properties": { "type": "lake", "name": "Kaurepei", "size": 5096.0 }, "geometry": { "type": "Point", "coordinates": [ 141.05, 86.325 ] } },
{ "type": "Feature", "properties": { "type": "lake", "name": "Leivaisau", "size": 5076.0 }, "geometry": { "type": "Point", "coordinates": [ -51.7, 56.075 ] } },
{ "type": "Feature", "properties": { "type": "lake", "name": "Pomoztae", "size": 5061.0 }, "geometry": { "type": "Point", "coordinates": [ 39.825, -9.475 ] } },
{ "type": "Feature", "properties": { "type": "lake", "name": "Thixiri", "size": 5060.0 }, "geometry": { "type": "Point", "coordinates": [ -59.9, -7.325 ] } },
{ "type": "Feature", "properties": { "type": "lake", "name": "Khekevai", "size": 5017.0 }, "geometry": { "type": "Point", "coordinates": [ 45.05, -17.325 ] } },
{ "type": "Feature", "properties": { "type": "lake", "name": "Thotsipro", "size": 5016.0 }, "geometry": { "type": "Point", "coordinates": [ -97.025, 34.875 ] } },
{ "type": "Feature", "properties": { "type": "lake", "name": "Dopotho", "size": 4926.0 }, "geometry": { "type": "Point", "coordinates": [ -100.925, 38.975 ] } },
{ "type": "Feature", "properties": { "type": "lake", "name": "Aikairau", "size": 4897.0 }, "geometry": { "type": "Point", "coordinates": [ -82.95, 43.675 ] } },
{ "type": "Feature", "properties": { "type": "lake", "name": "Wotletsim", "size": 4891.0 }, "geometry": { "type": "Point", "coordinates": [ 30.575, 10.725 ] } },
{ "type": "Feature", "properties": { "type": "lake", "name": "Gaexsuhei", "size": 4861.0 }, "geometry": { "type": "Point", "coordinates": [ 34.175, -5.575 ] } },
{ "type": "Feature", "properties": { "type": "lake", "name": "Nauvaiwei", "size": 4838.0 }, "geometry": { "type": "Point", "coordinates": [ -51.8, 57.675 ] } },
{ "type": "Feature", "properties": { "type": "lake", "name": "Waekkolok", "size": 4828.0 }, "geometry": { "type": "Point", "coordinates": [ 39.65, 5.95 ] } },
{ "type": "Feature", "properties": { "type": "lake", "name": "Sugsegraf", "size": 4814.0 }, "geometry": { "type": "Point", "coordinates": [ 31.875, -9.725 ] } },
{ "type": "Feature", "properties": { "type": "lake", "name": "Ghaefurae", "size": 4814.0 }, "geometry": { "type": "Point", "coordinates": [ -79.825, -28.325 ] } },
{ "type": "Feature", "properties": { "type": "lake", "name": "Kevtagii", "size": 4806.0 }, "geometry": { "type": "Point", "coordinates": [ 40.025, -18.575 ] } },
{ "type": "Feature", "properties": { "type": "lake", "name": "Ghekadagh", "size": 4806.0 }, "geometry": { "type": "Point", "coordinates": [ -48.55, 42.675 ] } },
{ "type": "Feature", "properties": { "type": "lake", "name": "Oruvzai", "size": 4785.0 }, "geometry": { "type": "Point", "coordinates": [ -65.175, -47.425 ] } },
{ "type": "Feature", "properties": { "type": "lake", "name": "Ishemnau", "size": 4739.0 }, "geometry": { "type": "Point", "coordinates": [ -76.525, 50.725 ] } },
{ "type": "Feature", "properties": { "type": "lake", "name": "Kevxiphgi", "size": 4731.0 }, "geometry": { "type": "Point", "coordinates": [ 59.5, -8.875 ] } },
{ "type": "Feature", "properties": { "type": "lake", "name": "Deweni", "size": 4702.0 }, "geometry": { "type": "Point", "coordinates": [ -118.725, 40.825 ] } },
{ "type": "Feature", "properties": { "type": "lake", "name": "Gaexvuhav", "size": 4697.0 }, "geometry": { "type": "Point", "coordinates": [ 19.7, -11.375 ] } },
{ "type": "Feature", "properties": { "type": "lake", "name": "Retsexu", "size": 4690.0 }, "geometry": { "type": "Point", "coordinates": [ -74.175, -28.125 ] } },
{ "type": "Feature", "properties": { "type": "lake", "name": "Aevinnaem", "size": 4683.0 }, "geometry": { "type": "Point", "coordinates": [ 37.575, 16.475 ] } },
{ "type": "Feature", "properties": { "type": "lake", "name": "Uxephde", "size": 4672.0 }, "geometry": { "type": "Point", "coordinates": [ -38.725, -33.775 ] } },
{ "type": "Feature", "properties": { "type": "lake", "name": "Ekafxeash", "size": 4671.0 }, "geometry": { "type": "Point", "coordinates": [ -50.975, 49.425 ] } },
{ "type": "Feature", "properties": { "type": "lake", "name": "Pholeinau", "size": 4643.0 }, "geometry": { "type": "Point", "coordinates": [ -50.775, 60.175 ] } },
{ "type": "Feature", "properties": { "type": "lake", "name": "Anozmat", "size": 4638.0 }, "geometry": { "type": "Point", "coordinates": [ 35.7, -13.025 ] } },
{ "type": "Feature", "properties": { "type": "lake", "name": "Pugehavi", "size": 4618.0 }, "geometry": { "type": "Point", "coordinates": [ 27.05, -5.075 ] } },
{ "type": "Feature", "properties": { "type": "lake", "name": "Ghamemaiz", "size": 4615.0 }, "geometry": { "type": "Point", "coordinates": [ -89.125, 35.825 ] } },
{ "type": "Feature", "properties": { "type": "lake", "name": "Bushosba", "size": 4584.0 }, "geometry": { "type": "Point", "coordinates": [ 32.625, -24.525 ] } },
{ "type": "Feature", "properties": { "type": "lake", "name": "Higaixha", "size": 4568.0 }, "geometry": { "type": "Point", "coordinates": [ -69.95, -9.875 ] } },
{ "type": "Feature", "properties": { "type": "lake", "name": "Xixokhau", "size": 4538.0 }, "geometry": { "type": "Point", "coordinates": [ -61.575, -34.375 ] } },
{ "type": "Feature", "properties": { "type": "lake", "name": "Taenzupan", "size": 4524.0 }, "geometry": { "type": "Point", "coordinates": [ 42.525, -12.5 ] } },
{ "type": "Feature", "properties": { "type": "lake", "name": "Dedxual", "size": 4507.0 }, "geometry": { "type": "Point", "coordinates": [ -26.3, -29.825 ] } },
{ "type": "Feature", "properties": { "type": "lake", "name": "Thoriro", "size": 4471.0 }, "geometry": { "type": "Point", "coordinates": [ -96.55, 42.475 ] } },
{ "type": "Feature", "properties": { "type": "lake", "name": "Heihamaim", "size": 4408.0 }, "geometry": { "type": "Point", "coordinates": [ -88.375, 47.475 ] } },
{ "type": "Feature", "properties": { "type": "lake", "name": "Gharauha", "size": 4407.0 }, "geometry": { "type": "Point", "coordinates": [ -91.15, 39.175 ] } },
{ "type": "Feature", "properties": { "type": "lake", "name": "Heikaime", "size": 4407.0 }, "geometry": { "type": "Point", "coordinates": [ -81.875, 37.975 ] } },
{ "type": "Feature", "properties": { "type": "lake", "name": "Dairexe", "size": 4384.0 }, "geometry": { "type": "Point", "coordinates": [ -71.15, -23.775 ] } },
{ "type": "Feature", "properties": { "type": "lake", "name": "Baesromae", "size": 4378.0 }, "geometry": { "type": "Point", "coordinates": [ -43.85, 10.425 ] } },
{ "type": "Feature", "properties": { "type": "lake", "name": "Xekegho", "size": 4371.0 }, "geometry": { "type": "Point", "coordinates": [ -42.05, 39.025 ] } },
{ "type": "Feature", "properties": { "type": "lake", "name": "Feghdagho", "size": 4361.0 }, "geometry": { "type": "Point", "coordinates": [ -44.325, 45.125 ] } },
{ "type": "Feature", "properties": { "type": "lake", "name": "Miomoeth", "size": 4346.0 }, "geometry": { "type": "Point", "coordinates": [ -98.9, 41.225 ] } },
{ "type": "Feature", "properties": { "type": "lake", "name": "Eivinthei", "size": 4339.0 }, "geometry": { "type": "Point", "coordinates": [ 41.175, 25.225 ] } },
{ "type": "Feature", "properties": { "type": "lake", "name": "Suvupu", "size": 4333.0 }, "geometry": { "type": "Point", "coordinates": [ 27.0, -6.225 ] } },
{ "type": "Feature", "properties": { "type": "lake", "name": "Dauphsopo", "size": 4322.0 }, "geometry": { "type": "Point", "coordinates": [ -56.825, -36.875 ] } },
{ "type": "Feature", "properties": { "type": "lake", "name": "Xizeiywin", "size": 4320.0 }, "geometry": { "type": "Point", "coordinates": [ 37.15, 3.475 ] } },
{ "type": "Feature", "properties": { "type": "lake", "name": "Nethxagha", "size": 4304.0 }, "geometry": { "type": "Point", "coordinates": [ -11.4, 40.575 ] } },
{ "type": "Feature", "properties": { "type": "lake", "name": "Axekafira", "size": 4294.0 }, "geometry": { "type": "Point", "coordinates": [ -44.55, 47.425 ] } },
{ "type": "Feature", "properties": { "type": "lake", "name": "Ibaifing", "size": 4294.0 }, "geometry": { "type": "Point", "coordinates": [ -117.775, 35.275 ] } },
{ "type": "Feature", "properties": { "type": "lake", "name": "Hamaizgam", "size": 4284.0 }, "geometry": { "type": "Point", "coordinates": [ -87.775, 45.875 ] } },
{ "type": "Feature", "properties": { "type": "lake", "name": "Meghagegh", "size": 4263.0 }, "geometry": { "type": "Point", "coordinates": [ -76.325, 42.725 ] } },
{ "type": "Feature", "properties": { "type": "lake", "name": "Vidueketh", "size": 4256.0 }, "geometry": { "type": "Point", "coordinates": [ -62.0, -54.825 ] } },
{ "type": "Feature", "properties": { "type": "lake", "name": "Ozpompha", "size": 4250.0 }, "geometry": { "type": "Point", "coordinates": [ 47.525, -12.825 ] } },
{ "type": "Feature", "properties": { "type": "lake", "name": "Anzuppom", "size": 4241.0 }, "geometry": { "type": "Point", "coordinates": [ 25.625, -22.025 ] } },
{ "type": "Feature", "properties": { "type": "lake", "name": "Monzonnau", "size": 4240.0 }, "geometry": { "type": "Point", "coordinates": [ -4.25, -34.275 ] } },
{ "type": "Feature", "properties": { "type": "lake", "name": "Phoxizei", "size": 4232.0 }, "geometry": { "type": "Point", "coordinates": [ 45.7, -1.925 ] } },
{ "type": "Feature", "properties": { "type": "lake", "name": "Xekherae", "size": 4231.0 }, "geometry": { "type": "Point", "coordinates": [ -73.95, -29.225 ] } },
{ "type": "Feature", "properties": { "type": "lake", "name": "Xormaenga", "size": 4229.0 }, "geometry": { "type": "Point", "coordinates": [ -39.425, -50.45 ] } },
{ "type": "Feature", "properties": { "type": "lake", "name": "Wovulai", "size": 4220.0 }, "geometry": { "type": "Point", "coordinates": [ -80.225, -39.1 ] } },
{ "type": "Feature", "properties": { "type": "lake", "name": "Ozphapom", "size": 4208.0 }, "geometry": { "type": "Point", "coordinates": [ 33.975, -11.625 ] } },
{ "type": "Feature", "properties": { "type": "lake", "name": "Timkevgi", "size": 4204.0 }, "geometry": { "type": "Point", "coordinates": [ 60.025, -9.775 ] } },
{ "type": "Feature", "properties": { "type": "lake", "name": "Wonyiwin", "size": 4193.0 }, "geometry": { "type": "Point", "coordinates": [ 41.5, 4.125 ] } },
{ "type": "Feature", "properties": { "type": "lake", "name": "Phuleywon", "size": 4187.0 }, "geometry": { "type": "Point", "coordinates": [ 37.975, 5.075 ] } },
{ "type": "Feature", "properties": { "type": "lake", "name": "Aibamtei", "size": 4173.0 }, "geometry": { "type": "Point", "coordinates": [ -50.975, -0.075 ] } },
{ "type": "Feature", "properties": { "type": "lake", "name": "Dxusungde", "size": 4145.0 }, "geometry": { "type": "Point", "coordinates": [ -50.6, -29.375 ] } },
{ "type": "Feature", "properties": { "type": "lake", "name": "Daitsutse", "size": 4142.0 }, "geometry": { "type": "Point", "coordinates": [ -73.475, -11.875 ] } },
{ "type": "Feature", "properties": { "type": "lake", "name": "Udsonyaun", "size": 4107.0 }, "geometry": { "type": "Point", "coordinates": [ 30.45, -28.275 ] } },
{ "type": "Feature", "properties": { "type": "lake", "name": "Soptusum", "size": 4106.0 }, "geometry": { "type": "Point", "coordinates": [ -59.375, -31.025 ] } },
{ "type": "Feature", "properties": { "type": "lake", "name": "Aeshoztae", "size": 4094.0 }, "geometry": { "type": "Point", "coordinates": [ 34.525, -21.025 ] } },
{ "type": "Feature", "properties": { "type": "lake", "name": "Baumeirai", "size": 4094.0 }, "geometry": { "type": "Point", "coordinates": [ -74.975, 39.625 ] } },
{ "type": "Feature", "properties": { "type": "lake", "name": "Ivetde", "size": 4078.0 }, "geometry": { "type": "Point", "coordinates": [ -101.825, 30.375 ] } },
{ "type": "Feature", "properties": { "type": "lake", "name": "Auknautho", "size": 4078.0 }, "geometry": { "type": "Point", "coordinates": [ -7.075, -34.475 ] } },
{ "type": "Feature", "properties": { "type": "lake", "name": "Ephdedxu", "size": 4072.0 }, "geometry": { "type": "Point", "coordinates": [ -45.85, -37.4 ] } },
{ "type": "Feature", "properties": { "type": "lake", "name": "Hephdoruy", "size": 4049.0 }, "geometry": { "type": "Point", "coordinates": [ -60.4, -18.275 ] } },
{ "type": "Feature", "properties": { "type": "lake", "name": "Ighekkafi", "size": 4032.0 }, "geometry": { "type": "Point", "coordinates": [ -52.45, 47.025 ] } },
{ "type": "Feature", "properties": { "type": "lake", "name": "Tsuxetsae", "size": 4031.0 }, "geometry": { "type": "Point", "coordinates": [ -81.275, -31.025 ] } },
{ "type": "Feature", "properties": { "type": "lake", "name": "Xaunufmau", "size": 4022.0 }, "geometry": { "type": "Point", "coordinates": [ 32.875, -27.775 ] } },
{ "type": "Feature", "properties": { "type": "lake", "name": "Meheiha", "size": 4014.0 }, "geometry": { "type": "Point", "coordinates": [ -78.0, 44.225 ] } },
{ "type": "Feature", "properties": { "type": "lake", "name": "Girakhe", "size": 3982.0 }, "geometry": { "type": "Point", "coordinates": [ 43.55, -18.625 ] } },
{ "type": "Feature", "properties": { "type": "lake", "name": "Anpomozi", "size": 3972.0 }, "geometry": { "type": "Point", "coordinates": [ 35.675, -15.025 ] } },
{ "type": "Feature", "properties": { "type": "lake", "name": "Hingghausaitsis", "size": 3964.0 }, "geometry": { "type": "Point", "coordinates": [ 42.875, 6.225 ] } },
{ "type": "Feature", "properties": { "type": "lake", "name": "Seinkiih", "size": 3960.0 }, "geometry": { "type": "Point", "coordinates": [ -25.375, 24.625 ] } },
{ "type": "Feature", "properties": { "type": "lake", "name": "Phuzupan", "size": 3936.0 }, "geometry": { "type": "Point", "coordinates": [ 45.0, -9.15 ] } },
{ "type": "Feature", "properties": { "type": "lake", "name": "Chisosum", "size": 3895.0 }, "geometry": { "type": "Point", "coordinates": [ -59.375, -28.125 ] } },
{ "type": "Feature", "properties": { "type": "lake", "name": "Oruvvu", "size": 3894.0 }, "geometry": { "type": "Point", "coordinates": [ -72.725, -50.525 ] } },
{ "type": "Feature", "properties": { "type": "lake", "name": "Eiwpuwau", "size": 3889.0 }, "geometry": { "type": "Point", "coordinates": [ 48.35, -3.025 ] } },
{ "type": "Feature", "properties": { "type": "lake", "name": "Podimei", "size": 3876.0 }, "geometry": { "type": "Point", "coordinates": [ -106.875, 40.475 ] } },
{ "type": "Feature", "properties": { "type": "lake", "name": "Hagammaiz", "size": 3874.0 }, "geometry": { "type": "Point", "coordinates": [ -86.975, 43.525 ] } },
{ "type": "Feature", "properties": { "type": "lake", "name": "Ochisous", "size": 3867.0 }, "geometry": { "type": "Point", "coordinates": [ -54.775, -37.5 ] } },
{ "type": "Feature", "properties": { "type": "lake", "name": "Khuvuuv", "size": 3864.0 }, "geometry": { "type": "Point", "coordinates": [ -70.95, -59.675 ] } },
{ "type": "Feature", "properties": { "type": "lake", "name": "Pithtuso", "size": 3864.0 }, "geometry": { "type": "Point", "coordinates": [ -66.775, -35.15 ] } },
{ "type": "Feature", "properties": { "type": "lake", "name": "Lasmeisei", "size": 3863.0 }, "geometry": { "type": "Point", "coordinates": [ 39.125, 7.375 ] } },
{ "type": "Feature", "properties": { "type": "lake", "name": "Womaudai", "size": 3821.0 }, "geometry": { "type": "Point", "coordinates": [ 37.025, -27.875 ] } },
{ "type": "Feature", "properties": { "type": "lake", "name": "Vaifaesae", "size": 3803.0 }, "geometry": { "type": "Point", "coordinates": [ -46.375, -21.325 ] } },
{ "type": "Feature", "properties": { "type": "lake", "name": "Tsaetsuxe", "size": 3801.0 }, "geometry": { "type": "Point", "coordinates": [ -78.7, -27.775 ] } },
{ "type": "Feature", "properties": { "type": "lake", "name": "Khekhavra", "size": 3799.0 }, "geometry": { "type": "Point", "coordinates": [ 51.575, -12.725 ] } },
{ "type": "Feature", "properties": { "type": "lake", "name": "Ineixvae", "size": 3798.0 }, "geometry": { "type": "Point", "coordinates": [ -53.375, 47.825 ] } },
{ "type": "Feature", "properties": { "type": "lake", "name": "Ukhosmxu", "size": 3792.0 }, "geometry": { "type": "Point", "coordinates": [ -57.625, -36.225 ] } },
{ "type": "Feature", "properties": { "type": "lake", "name": "Ileiwsai", "size": 3792.0 }, "geometry": { "type": "Point", "coordinates": [ -79.65, 50.625 ] } },
{ "type": "Feature", "properties": { "type": "lake", "name": "Maimmekai", "size": 3787.0 }, "geometry": { "type": "Point", "coordinates": [ -73.45, 39.175 ] } },
{ "type": "Feature", "properties": { "type": "lake", "name": "Aupeiplei", "size": 3771.0 }, "geometry": { "type": "Point", "coordinates": [ 55.25, 0.075 ] } },
{ "type": "Feature", "properties": { "type": "lake", "name": "Tagikheus", "size": 3754.0 }, "geometry": { "type": "Point", "coordinates": [ 51.175, -11.775 ] } },
{ "type": "Feature", "properties": { "type": "lake", "name": "Vauwoor", "size": 3753.0 }, "geometry": { "type": "Point", "coordinates": [ -76.45, -46.025 ] } },
{ "type": "Feature", "properties": { "type": "lake", "name": "Vohaugan", "size": 3744.0 }, "geometry": { "type": "Point", "coordinates": [ 20.675, 34.575 ] } },
{ "type": "Feature", "properties": { "type": "lake", "name": "Thaudauli", "size": 3742.0 }, "geometry": { "type": "Point", "coordinates": [ -88.95, 85.525 ] } },
{ "type": "Feature", "properties": { "type": "lake", "name": "Dxuchesal", "size": 3737.0 }, "geometry": { "type": "Point", "coordinates": [ -46.525, -28.875 ] } },
{ "type": "Feature", "properties": { "type": "lake", "name": "Vetkhide", "size": 3734.0 }, "geometry": { "type": "Point", "coordinates": [ -111.45, 42.625 ] } },
{ "type": "Feature", "properties": { "type": "lake", "name": "Aevinyaiv", "size": 3727.0 }, "geometry": { "type": "Point", "coordinates": [ 33.5, 15.375 ] } },
{ "type": "Feature", "properties": { "type": "lake", "name": "Seglumhav", "size": 3723.0 }, "geometry": { "type": "Point", "coordinates": [ 22.95, -11.725 ] } },
{ "type": "Feature", "properties": { "type": "lake", "name": "Wauhokgae", "size": 3708.0 }, "geometry": { "type": "Point", "coordinates": [ 2.75, 1.55 ] } },
{ "type": "Feature", "properties": { "type": "lake", "name": "Khuvuwo", "size": 3682.0 }, "geometry": { "type": "Point", "coordinates": [ -68.15, -36.375 ] } },
{ "type": "Feature", "properties": { "type": "lake", "name": "Htsawilae", "size": 3677.0 }, "geometry": { "type": "Point", "coordinates": [ 42.95, 10.575 ] } },
{ "type": "Feature", "properties": { "type": "lake", "name": "Kevkhegi", "size": 3671.0 }, "geometry": { "type": "Point", "coordinates": [ 45.425, -19.5 ] } },
{ "type": "Feature", "properties": { "type": "lake", "name": "Agxaedu", "size": 3669.0 }, "geometry": { "type": "Point", "coordinates": [ -71.625, -26.05 ] } },
{ "type": "Feature", "properties": { "type": "lake", "name": "Anphuphae", "size": 3662.0 }, "geometry": { "type": "Point", "coordinates": [ 38.125, -11.775 ] } },
{ "type": "Feature", "properties": { "type": "lake", "name": "Vuvowzu", "size": 3640.0 }, "geometry": { "type": "Point", "coordinates": [ -64.675, -51.225 ] } },
{ "type": "Feature", "properties": { "type": "lake", "name": "Rovdeifi", "size": 3632.0 }, "geometry": { "type": "Point", "coordinates": [ -41.6, 47.575 ] } },
{ "type": "Feature", "properties": { "type": "lake", "name": "Buwaumfai", "size": 3627.0 }, "geometry": { "type": "Point", "coordinates": [ 35.1, -28.875 ] } },
{ "type": "Feature", "properties": { "type": "lake", "name": "Khetsere", "size": 3624.0 }, "geometry": { "type": "Point", "coordinates": [ -67.225, -26.325 ] } },
{ "type": "Feature", "properties": { "type": "lake", "name": "Veshafdad", "size": 3618.0 }, "geometry": { "type": "Point", "coordinates": [ -50.325, -48.625 ] } },
{ "type": "Feature", "properties": { "type": "lake", "name": "Meirmeghe", "size": 3616.0 }, "geometry": { "type": "Point", "coordinates": [ -89.6, 45.575 ] } },
{ "type": "Feature", "properties": { "type": "lake", "name": "Geinhagha", "size": 3608.0 }, "geometry": { "type": "Point", "coordinates": [ -78.375, 37.475 ] } },
{ "type": "Feature", "properties": { "type": "lake", "name": "Rovaevais", "size": 3577.0 }, "geometry": { "type": "Point", "coordinates": [ -41.2, 13.475 ] } },
{ "type": "Feature", "properties": { "type": "lake", "name": "Fafivo", "size": 3572.0 }, "geometry": { "type": "Point", "coordinates": [ -41.775, 46.925 ] } },
{ "type": "Feature", "properties": { "type": "lake", "name": "Sugerafi", "size": 3565.0 }, "geometry": { "type": "Point", "coordinates": [ 32.625, -9.725 ] } },
{ "type": "Feature", "properties": { "type": "lake", "name": "Iphowsai", "size": 3563.0 }, "geometry": { "type": "Point", "coordinates": [ -54.65, 61.275 ] } },
{ "type": "Feature", "properties": { "type": "lake", "name": "Lumhavhe", "size": 3554.0 }, "geometry": { "type": "Point", "coordinates": [ 32.6, -1.225 ] } },
{ "type": "Feature", "properties": { "type": "lake", "name": "Zeimophu", "size": 3551.0 }, "geometry": { "type": "Point", "coordinates": [ 35.6, 2.725 ] } },
{ "type": "Feature", "properties": { "type": "lake", "name": "Khuwozaem", "size": 3539.0 }, "geometry": { "type": "Point", "coordinates": [ -73.775, -42.225 ] } },
{ "type": "Feature", "properties": { "type": "lake", "name": "Baifingvi", "size": 3534.0 }, "geometry": { "type": "Point", "coordinates": [ -102.15, 29.225 ] } },
{ "type": "Feature", "properties": { "type": "lake", "name": "Devetvaed", "size": 3525.0 }, "geometry": { "type": "Point", "coordinates": [ -108.05, 40.075 ] } },
{ "type": "Feature", "properties": { "type": "lake", "name": "Dauwaufau", "size": 3512.0 }, "geometry": { "type": "Point", "coordinates": [ -54.775, 72.075 ] } },
{ "type": "Feature", "properties": { "type": "lake", "name": "Xaexahdai", "size": 3500.0 }, "geometry": { "type": "Point", "coordinates": [ -74.225, -26.975 ] } },
{ "type": "Feature", "properties": { "type": "lake", "name": "Zuvushuar", "size": 3498.0 }, "geometry": { "type": "Point", "coordinates": [ -63.975, -58.8 ] } },
{ "type": "Feature", "properties": { "type": "lake", "name": "Peingrugo", "size": 3477.0 }, "geometry": { "type": "Point", "coordinates": [ 18.45, 12.025 ] } },
{ "type": "Feature", "properties": { "type": "lake", "name": "Ychouyhra", "size": 3470.0 }, "geometry": { "type": "Point", "coordinates": [ -49.25, -18.025 ] } },
{ "type": "Feature", "properties": { "type": "lake", "name": "Wendeghai", "size": 3466.0 }, "geometry": { "type": "Point", "coordinates": [ -102.6, 50.925 ] } },
{ "type": "Feature", "properties": { "type": "lake", "name": "Aikaigegh", "size": 3459.0 }, "geometry": { "type": "Point", "coordinates": [ -81.775, 32.675 ] } },
{ "type": "Feature", "properties": { "type": "lake", "name": "Mxukhostu", "size": 3439.0 }, "geometry": { "type": "Point", "coordinates": [ -57.75, -28.875 ] } },
{ "type": "Feature", "properties": { "type": "lake", "name": "Ilongsau", "size": 3427.0 }, "geometry": { "type": "Point", "coordinates": [ -65.1, 65.4 ] } },
{ "type": "Feature", "properties": { "type": "lake", "name": "Sumsokhau", "size": 3415.0 }, "geometry": { "type": "Point", "coordinates": [ -64.0, -37.875 ] } },
{ "type": "Feature", "properties": { "type": "lake", "name": "Thopomei", "size": 3410.0 }, "geometry": { "type": "Point", "coordinates": [ -92.95, 31.225 ] } },
{ "type": "Feature", "properties": { "type": "lake", "name": "Wenkhivi", "size": 3403.0 }, "geometry": { "type": "Point", "coordinates": [ -105.05, 45.825 ] } },
{ "type": "Feature", "properties": { "type": "lake", "name": "Yotsovzei", "size": 3388.0 }, "geometry": { "type": "Point", "coordinates": [ -77.425, 36.825 ] } },
{ "type": "Feature", "properties": { "type": "lake", "name": "Airengair", "size": 3348.0 }, "geometry": { "type": "Point", "coordinates": [ -57.05, -23.175 ] } },
{ "type": "Feature", "properties": { "type": "lake", "name": "Uvzaiwoar", "size": 3347.0 }, "geometry": { "type": "Point", "coordinates": [ -80.75, -33.575 ] } },
{ "type": "Feature", "properties": { "type": "lake", "name": "Depaifing", "size": 3335.0 }, "geometry": { "type": "Point", "coordinates": [ -105.625, 43.925 ] } },
{ "type": "Feature", "properties": { "type": "lake", "name": "Vuhavlum", "size": 3328.0 }, "geometry": { "type": "Point", "coordinates": [ 35.15, -8.975 ] } },
{ "type": "Feature", "properties": { "type": "lake", "name": "Neixefae", "size": 3305.0 }, "geometry": { "type": "Point", "coordinates": [ -51.4, 50.725 ] } },
{ "type": "Feature", "properties": { "type": "lake", "name": "Tsaebauwi", "size": 3286.0 }, "geometry": { "type": "Point", "coordinates": [ -63.6, 41.075 ] } },
{ "type": "Feature", "properties": { "type": "lake", "name": "Keixvesh", "size": 3278.0 }, "geometry": { "type": "Point", "coordinates": [ -51.525, -46.425 ] } },
{ "type": "Feature", "properties": { "type": "lake", "name": "Xaunbudai", "size": 3254.0 }, "geometry": { "type": "Point", "coordinates": [ 35.5, -23.775 ] } },
{ "type": "Feature", "properties": { "type": "lake", "name": "Faureru", "size": 3246.0 }, "geometry": { "type": "Point", "coordinates": [ 130.625, 84.925 ] } },
{ "type": "Feature", "properties": { "type": "lake", "name": "Kabekdad", "size": 3244.0 }, "geometry": { "type": "Point", "coordinates": [ -57.225, -56.475 ] } },
{ "type": "Feature", "properties": { "type": "lake", "name": "Haghapan", "size": 3243.0 }, "geometry": { "type": "Point", "coordinates": [ -87.1, 31.5 ] } },
{ "type": "Feature", "properties": { "type": "lake", "name": "Ihseinki", "size": 3237.0 }, "geometry": { "type": "Point", "coordinates": [ -31.05, 26.425 ] } },
{ "type": "Feature", "properties": { "type": "lake", "name": "Haghahei", "size": 3223.0 }, "geometry": { "type": "Point", "coordinates": [ -71.825, 39.925 ] } },
{ "type": "Feature", "properties": { "type": "lake", "name": "Moyieth", "size": 3213.0 }, "geometry": { "type": "Point", "coordinates": [ 36.75, -1.825 ] } },
{ "type": "Feature", "properties": { "type": "lake", "name": "Vinaefai", "size": 3205.0 }, "geometry": { "type": "Point", "coordinates": [ 31.3, 16.275 ] } },
{ "type": "Feature", "properties": { "type": "lake", "name": "Ghehamaiz", "size": 3192.0 }, "geometry": { "type": "Point", "coordinates": [ -81.875, 45.325 ] } },
{ "type": "Feature", "properties": { "type": "lake", "name": "Egxaengi", "size": 3191.0 }, "geometry": { "type": "Point", "coordinates": [ 47.275, -17.0 ] } },
{ "type": "Feature", "properties": { "type": "lake", "name": "Naulubuor", "size": 3179.0 }, "geometry": { "type": "Point", "coordinates": [ 66.175, -17.775 ] } },
{ "type": "Feature", "properties": { "type": "lake", "name": "Gaveingho", "size": 3178.0 }, "geometry": { "type": "Point", "coordinates": [ 25.825, 27.65 ] } },
{ "type": "Feature", "properties": { "type": "lake", "name": "Ripotsip", "size": 3173.0 }, "geometry": { "type": "Point", "coordinates": [ -96.225, 37.875 ] } },
{ "type": "Feature", "properties": { "type": "lake", "name": "Duekix", "size": 3151.0 }, "geometry": { "type": "Point", "coordinates": [ -64.4, -54.575 ] } },
{ "type": "Feature", "properties": { "type": "lake", "name": "Xiphoxwin", "size": 3148.0 }, "geometry": { "type": "Point", "coordinates": [ 46.95, 3.125 ] } },
{ "type": "Feature", "properties": { "type": "lake", "name": "Aeshanzup", "size": 3133.0 }, "geometry": { "type": "Point", "coordinates": [ 32.6, -21.575 ] } },
{ "type": "Feature", "properties": { "type": "lake", "name": "Daghano", "size": 3130.0 }, "geometry": { "type": "Point", "coordinates": [ -34.4, 44.475 ] } },
{ "type": "Feature", "properties": { "type": "lake", "name": "Laeghinghaunaza", "size": 3124.0 }, "geometry": { "type": "Point", "coordinates": [ 43.725, 7.775 ] } },
{ "type": "Feature", "properties": { "type": "lake", "name": "Hauhovau", "size": 3113.0 }, "geometry": { "type": "Point", "coordinates": [ 2.1, 35.725 ] } },
{ "type": "Feature", "properties": { "type": "lake", "name": "Anmatzupi", "size": 3105.0 }, "geometry": { "type": "Point", "coordinates": [ 39.65, -15.025 ] } },
{ "type": "Feature", "properties": { "type": "lake", "name": "Baumeirme", "size": 3104.0 }, "geometry": { "type": "Point", "coordinates": [ -68.2, 36.675 ] } },
{ "type": "Feature", "properties": { "type": "lake", "name": "Wideighau", "size": 3087.0 }, "geometry": { "type": "Point", "coordinates": [ 48.85, 8.675 ] } },
{ "type": "Feature", "properties": { "type": "lake", "name": "Tusumueth", "size": 3049.0 }, "geometry": { "type": "Point", "coordinates": [ -63.4, -40.075 ] } },
{ "type": "Feature", "properties": { "type": "lake", "name": "Sumokhum", "size": 3048.0 }, "geometry": { "type": "Point", "coordinates": [ -61.5, -40.65 ] } },
{ "type": "Feature", "properties": { "type": "lake", "name": "Ghaelaekhaiazaila", "size": 3039.0 }, "geometry": { "type": "Point", "coordinates": [ 41.75, 6.775 ] } },
{ "type": "Feature", "properties": { "type": "lake", "name": "Meilaezei", "size": 3030.0 }, "geometry": { "type": "Point", "coordinates": [ 38.475, 11.325 ] } },
{ "type": "Feature", "properties": { "type": "lake", "name": "Ethnaushi", "size": 3027.0 }, "geometry": { "type": "Point", "coordinates": [ 38.975, -2.1 ] } },
{ "type": "Feature", "properties": { "type": "lake", "name": "Kkeikeibu", "size": 3025.0 }, "geometry": { "type": "Point", "coordinates": [ 86.875, 85.075 ] } },
{ "type": "Feature", "properties": { "type": "lake", "name": "Heiraukai", "size": 3024.0 }, "geometry": { "type": "Point", "coordinates": [ -79.7, 42.225 ] } },
{ "type": "Feature", "properties": { "type": "lake", "name": "Vizloveth", "size": 3021.0 }, "geometry": { "type": "Point", "coordinates": [ -75.95, -20.075 ] } },
{ "type": "Feature", "properties": { "type": "lake", "name": "Waegikhei", "size": 3019.0 }, "geometry": { "type": "Point", "coordinates": [ 40.475, -21.475 ] } },
{ "type": "Feature", "properties": { "type": "lake", "name": "Xiphophu", "size": 3019.0 }, "geometry": { "type": "Point", "coordinates": [ 42.65, 4.525 ] } },
{ "type": "Feature", "properties": { "type": "lake", "name": "Vaenoghek", "size": 3019.0 }, "geometry": { "type": "Point", "coordinates": [ -50.125, 38.625 ] } },
{ "type": "Feature", "properties": { "type": "lake", "name": "Shemphoi", "size": 3016.0 }, "geometry": { "type": "Point", "coordinates": [ -58.075, 61.525 ] } },
{ "type": "Feature", "properties": { "type": "lake", "name": "Taenanmat", "size": 3005.0 }, "geometry": { "type": "Point", "coordinates": [ 26.7, -19.275 ] } },
{ "type": "Feature", "properties": { "type": "lake", "name": "Shaematan", "size": 3003.0 }, "geometry": { "type": "Point", "coordinates": [ 28.5, -17.775 ] } },
{ "type": "Feature", "properties": { "type": "lake", "name": "Saumvokhe", "size": 2998.0 }, "geometry": { "type": "Point", "coordinates": [ 44.775, 47.675 ] } },
{ "type": "Feature", "properties": { "type": "lake", "name": "Lifauzi", "size": 2997.0 }, "geometry": { "type": "Point", "coordinates": [ -109.375, 84.525 ] } },
{ "type": "Feature", "properties": { "type": "lake", "name": "Uyaeyoy", "size": 2997.0 }, "geometry": { "type": "Point", "coordinates": [ -51.7, -16.375 ] } },
{ "type": "Feature", "properties": { "type": "lake", "name": "Geinraume", "size": 2995.0 }, "geometry": { "type": "Point", "coordinates": [ -85.55, 32.575 ] } },
{ "type": "Feature", "properties": { "type": "lake", "name": "Aepaiwen", "size": 2994.0 }, "geometry": { "type": "Point", "coordinates": [ -101.975, 45.4 ] } },
{ "type": "Feature", "properties": { "type": "lake", "name": "Fagathfae", "size": 2989.0 }, "geometry": { "type": "Point", "coordinates": [ -47.55, -18.475 ] } },
{ "type": "Feature", "properties": { "type": "lake", "name": "Zaemvowyu", "size": 2984.0 }, "geometry": { "type": "Point", "coordinates": [ -68.075, -49.025 ] } },
{ "type": "Feature", "properties": { "type": "lake", "name": "Xaivbuwub", "size": 2976.0 }, "geometry": { "type": "Point", "coordinates": [ -55.6, -47.675 ] } },
{ "type": "Feature", "properties": { "type": "lake", "name": "Vinfinfai", "size": 2971.0 }, "geometry": { "type": "Point", "coordinates": [ 28.15, 23.775 ] } },
{ "type": "Feature", "properties": { "type": "lake", "name": "Vaukhuor", "size": 2968.0 }, "geometry": { "type": "Point", "coordinates": [ -76.1, -52.075 ] } },
{ "type": "Feature", "properties": { "type": "lake", "name": "Leyniteth", "size": 2967.0 }, "geometry": { "type": "Point", "coordinates": [ 40.55, 0.275 ] } },
{ "type": "Feature", "properties": { "type": "lake", "name": "Vangvinei", "size": 2966.0 }, "geometry": { "type": "Point", "coordinates": [ 35.3, 14.225 ] } },
{ "type": "Feature", "properties": { "type": "lake", "name": "Shazbaubu", "size": 2961.0 }, "geometry": { "type": "Point", "coordinates": [ 70.525, 84.875 ] } },
{ "type": "Feature", "properties": { "type": "lake", "name": "Heibaupan", "size": 2958.0 }, "geometry": { "type": "Point", "coordinates": [ -84.15, 32.975 ] } },
{ "type": "Feature", "properties": { "type": "lake", "name": "Yetsaebai", "size": 2958.0 }, "geometry": { "type": "Point", "coordinates": [ -115.15, 35.825 ] } },
{ "type": "Feature", "properties": { "type": "lake", "name": "Weimaepob", "size": 2957.0 }, "geometry": { "type": "Point", "coordinates": [ -105.475, 34.475 ] } },
{ "type": "Feature", "properties": { "type": "lake", "name": "Phupomani", "size": 2956.0 }, "geometry": { "type": "Point", "coordinates": [ 37.025, -12.575 ] } },
{ "type": "Feature", "properties": { "type": "lake", "name": "Timkhavi", "size": 2956.0 }, "geometry": { "type": "Point", "coordinates": [ 44.5, -20.275 ] } },
{ "type": "Feature", "properties": { "type": "lake", "name": "Vaewaehau", "size": 2954.0 }, "geometry": { "type": "Point", "coordinates": [ -45.525, 5.475 ] } },
{ "type": "Feature", "properties": { "type": "lake", "name": "Ixiphta", "size": 2938.0 }, "geometry": { "type": "Point", "coordinates": [ 47.6, -19.875 ] } },
{ "type": "Feature", "properties": { "type": "lake", "name": "Zuptaephu", "size": 2919.0 }, "geometry": { "type": "Point", "coordinates": [ 27.475, -10.125 ] } },
{ "type": "Feature", "properties": { "type": "lake", "name": "Dxugengsa", "size": 2908.0 }, "geometry": { "type": "Point", "coordinates": [ -40.6, -31.95 ] } },
{ "type": "Feature", "properties": { "type": "lake", "name": "Vushuwo", "size": 2905.0 }, "geometry": { "type": "Point", "coordinates": [ -55.25, -63.9 ] } },
{ "type": "Feature", "properties": { "type": "lake", "name": "Tuxixso", "size": 2901.0 }, "geometry": { "type": "Point", "coordinates": [ -58.075, -34.6 ] } },
{ "type": "Feature", "properties": { "type": "lake", "name": "Megamkai", "size": 2892.0 }, "geometry": { "type": "Point", "coordinates": [ -83.775, 46.125 ] } },
{ "type": "Feature", "properties": { "type": "lake", "name": "Eiwbaugon", "size": 2890.0 }, "geometry": { "type": "Point", "coordinates": [ 55.475, -5.975 ] } },
{ "type": "Feature", "properties": { "type": "lake", "name": "Pomantaen", "size": 2890.0 }, "geometry": { "type": "Point", "coordinates": [ 28.4, -10.175 ] } },
{ "type": "Feature", "properties": { "type": "lake", "name": "Waumaubu", "size": 2882.0 }, "geometry": { "type": "Point", "coordinates": [ 28.625, -26.275 ] } },
{ "type": "Feature", "properties": { "type": "lake", "name": "Saaleph", "size": 2858.0 }, "geometry": { "type": "Point", "coordinates": [ -39.575, -35.075 ] } },
{ "type": "Feature", "properties": { "type": "lake", "name": "Xixomxu", "size": 2843.0 }, "geometry": { "type": "Point", "coordinates": [ -56.425, -44.625 ] } },
{ "type": "Feature", "properties": { "type": "lake", "name": "Anmatphai", "size": 2841.0 }, "geometry": { "type": "Point", "coordinates": [ 37.15, -12.125 ] } },
{ "type": "Feature", "properties": { "type": "lake", "name": "Segpuge", "size": 2841.0 }, "geometry": { "type": "Point", "coordinates": [ 34.325, 2.65 ] } },
{ "type": "Feature", "properties": { "type": "lake", "name": "Eshikei", "size": 2839.0 }, "geometry": { "type": "Point", "coordinates": [ -26.7, 33.475 ] } },
{ "type": "Feature", "properties": { "type": "lake", "name": "Geinhame", "size": 2832.0 }, "geometry": { "type": "Point", "coordinates": [ -69.45, 39.125 ] } },
{ "type": "Feature", "properties": { "type": "lake", "name": "Dealuxoi", "size": 2828.0 }, "geometry": { "type": "Point", "coordinates": [ -42.125, -29.5 ] } },
{ "type": "Feature", "properties": { "type": "lake", "name": "Pankaiha", "size": 2824.0 }, "geometry": { "type": "Point", "coordinates": [ -88.175, 43.0 ] } },
{ "type": "Feature", "properties": { "type": "lake", "name": "Eishangae", "size": 2822.0 }, "geometry": { "type": "Point", "coordinates": [ 38.375, 16.075 ] } },
{ "type": "Feature", "properties": { "type": "lake", "name": "Hameirbau", "size": 2821.0 }, "geometry": { "type": "Point", "coordinates": [ -80.625, 43.625 ] } },
{ "type": "Feature", "properties": { "type": "lake", "name": "Ozzupan", "size": 2821.0 }, "geometry": { "type": "Point", "coordinates": [ 24.0, -19.825 ] } },
{ "type": "Feature", "properties": { "type": "lake", "name": "Zipaikhai", "size": 2819.0 }, "geometry": { "type": "Point", "coordinates": [ -107.275, 33.925 ] } },
{ "type": "Feature", "properties": { "type": "lake", "name": "Rauheiha", "size": 2818.0 }, "geometry": { "type": "Point", "coordinates": [ -84.825, 34.775 ] } },
{ "type": "Feature", "properties": { "type": "lake", "name": "Phuwinlo", "size": 2812.0 }, "geometry": { "type": "Point", "coordinates": [ 38.525, 1.45 ] } },
{ "type": "Feature", "properties": { "type": "lake", "name": "Nitmonau", "size": 2812.0 }, "geometry": { "type": "Point", "coordinates": [ 44.075, 1.725 ] } },
{ "type": "Feature", "properties": { "type": "lake", "name": "Gungruga", "size": 2798.0 }, "geometry": { "type": "Point", "coordinates": [ -42.7, -38.675 ] } },
{ "type": "Feature", "properties": { "type": "lake", "name": "Yaindutsu", "size": 2796.0 }, "geometry": { "type": "Point", "coordinates": [ -72.675, -21.175 ] } },
{ "type": "Feature", "properties": { "type": "lake", "name": "Utukhosus", "size": 2792.0 }, "geometry": { "type": "Point", "coordinates": [ -64.875, -39.525 ] } },
{ "type": "Feature", "properties": { "type": "lake", "name": "Aimmbiep", "size": 2789.0 }, "geometry": { "type": "Point", "coordinates": [ -64.575, 41.75 ] } },
{ "type": "Feature", "properties": { "type": "lake", "name": "Yuwozu", "size": 2787.0 }, "geometry": { "type": "Point", "coordinates": [ -74.5, -50.95 ] } },
{ "type": "Feature", "properties": { "type": "lake", "name": "Thoroxxun", "size": 2772.0 }, "geometry": { "type": "Point", "coordinates": [ -58.75, -4.775 ] } },
{ "type": "Feature", "properties": { "type": "lake", "name": "Khaideiwi", "size": 2771.0 }, "geometry": { "type": "Point", "coordinates": [ 46.3, 9.875 ] } },
{ "type": "Feature", "properties": { "type": "lake", "name": "Egtakhits", "size": 2770.0 }, "geometry": { "type": "Point", "coordinates": [ 52.725, -10.025 ] } },
{ "type": "Feature", "properties": { "type": "lake", "name": "Kaigogain", "size": 2763.0 }, "geometry": { "type": "Point", "coordinates": [ 19.575, 19.775 ] } },
{ "type": "Feature", "properties": { "type": "lake", "name": "Afkhibke", "size": 2759.0 }, "geometry": { "type": "Point", "coordinates": [ -55.85, -54.775 ] } },
{ "type": "Feature", "properties": { "type": "lake", "name": "Ufhiki", "size": 2752.0 }, "geometry": { "type": "Point", "coordinates": [ 38.45, 48.425 ] } },
{ "type": "Feature", "properties": { "type": "lake", "name": "Noxefegh", "size": 2740.0 }, "geometry": { "type": "Point", "coordinates": [ -49.925, 45.775 ] } },
{ "type": "Feature", "properties": { "type": "lake", "name": "Yauvvuhei", "size": 2736.0 }, "geometry": { "type": "Point", "coordinates": [ 28.075, -6.025 ] } },
{ "type": "Feature", "properties": { "type": "lake", "name": "Xuretse", "size": 2733.0 }, "geometry": { "type": "Point", "coordinates": [ -74.45, -30.875 ] } },
{ "type": "Feature", "properties": { "type": "lake", "name": "Kafkegha", "size": 2733.0 }, "geometry": { "type": "Point", "coordinates": [ -44.725, 44.525 ] } },
{ "type": "Feature", "properties": { "type": "lake", "name": "Aepeifin", "size": 2721.0 }, "geometry": { "type": "Point", "coordinates": [ 38.85, 20.625 ] } },
{ "type": "Feature", "properties": { "type": "lake", "name": "Waulaipau", "size": 2715.0 }, "geometry": { "type": "Point", "coordinates": [ -172.55, 86.275 ] } },
{ "type": "Feature", "properties": { "type": "lake", "name": "Xahtsudu", "size": 2713.0 }, "geometry": { "type": "Point", "coordinates": [ -69.625, -31.8 ] } },
{ "type": "Feature", "properties": { "type": "lake", "name": "Yauwwauwo", "size": 2703.0 }, "geometry": { "type": "Point", "coordinates": [ 11.325, 6.475 ] } },
{ "type": "Feature", "properties": { "type": "lake", "name": "Teizvei", "size": 2693.0 }, "geometry": { "type": "Point", "coordinates": [ 14.95, 11.775 ] } },
{ "type": "Feature", "properties": { "type": "lake", "name": "Moshilo", "size": 2689.0 }, "geometry": { "type": "Point", "coordinates": [ 38.625, -0.775 ] } },
{ "type": "Feature", "properties": { "type": "lake", "name": "Aeziob", "size": 2683.0 }, "geometry": { "type": "Point", "coordinates": [ -106.175, 35.125 ] } },
{ "type": "Feature", "properties": { "type": "lake", "name": "Phapoman", "size": 2677.0 }, "geometry": { "type": "Point", "coordinates": [ 34.025, -13.375 ] } },
{ "type": "Feature", "properties": { "type": "lake", "name": "Vaeneixxe", "size": 2672.0 }, "geometry": { "type": "Point", "coordinates": [ -52.2, 41.85 ] } },
{ "type": "Feature", "properties": { "type": "lake", "name": "Saezonaum", "size": 2667.0 }, "geometry": { "type": "Point", "coordinates": [ -5.225, -46.375 ] } },
{ "type": "Feature", "properties": { "type": "lake", "name": "Aixaenegi", "size": 2664.0 }, "geometry": { "type": "Point", "coordinates": [ 47.975, -20.525 ] } },
{ "type": "Feature", "properties": { "type": "lake", "name": "Zokhxolo", "size": 2661.0 }, "geometry": { "type": "Point", "coordinates": [ -77.775, -14.675 ] } },
{ "type": "Feature", "properties": { "type": "lake", "name": "Aevaedvet", "size": 2657.0 }, "geometry": { "type": "Point", "coordinates": [ -112.275, 43.75 ] } },
{ "type": "Feature", "properties": { "type": "lake", "name": "Oztaepha", "size": 2652.0 }, "geometry": { "type": "Point", "coordinates": [ 38.25, -19.375 ] } },
{ "type": "Feature", "properties": { "type": "lake", "name": "Aukekre", "size": 2652.0 }, "geometry": { "type": "Point", "coordinates": [ 27.65, 31.85 ] } },
{ "type": "Feature", "properties": { "type": "lake", "name": "Shiphuwin", "size": 2651.0 }, "geometry": { "type": "Point", "coordinates": [ 39.625, 4.325 ] } },
{ "type": "Feature", "properties": { "type": "lake", "name": "Gheknoi", "size": 2645.0 }, "geometry": { "type": "Point", "coordinates": [ -50.7, 41.875 ] } },
{ "type": "Feature", "properties": { "type": "lake", "name": "Htsawidai", "size": 2630.0 }, "geometry": { "type": "Point", "coordinates": [ 44.45, 8.325 ] } },
{ "type": "Feature", "properties": { "type": "lake", "name": "Wokoovesh", "size": 2626.0 }, "geometry": { "type": "Point", "coordinates": [ 17.75, 19.275 ] } },
{ "type": "Feature", "properties": { "type": "lake", "name": "Fuvsegsug", "size": 2614.0 }, "geometry": { "type": "Point", "coordinates": [ 39.2, -5.775 ] } },
{ "type": "Feature", "properties": { "type": "lake", "name": "Zilibeid", "size": 2598.0 }, "geometry": { "type": "Point", "coordinates": [ 121.65, 84.425 ] } },
{ "type": "Feature", "properties": { "type": "lake", "name": "Ivetwen", "size": 2597.0 }, "geometry": { "type": "Point", "coordinates": [ -110.8, 38.225 ] } },
{ "type": "Feature", "properties": { "type": "lake", "name": "Fuvheraf", "size": 2592.0 }, "geometry": { "type": "Point", "coordinates": [ 22.2, -9.375 ] } },
{ "type": "Feature", "properties": { "type": "lake", "name": "Vukhuorar", "size": 2590.0 }, "geometry": { "type": "Point", "coordinates": [ -66.075, -39.05 ] } },
{ "type": "Feature", "properties": { "type": "lake", "name": "Xexureesh", "size": 2584.0 }, "geometry": { "type": "Point", "coordinates": [ -68.075, -21.675 ] } },
{ "type": "Feature", "properties": { "type": "lake", "name": "Khuvauvow", "size": 2580.0 }, "geometry": { "type": "Point", "coordinates": [ -65.075, -55.925 ] } },
{ "type": "Feature", "properties": { "type": "lake", "name": "Kheegkevi", "size": 2576.0 }, "geometry": { "type": "Point", "coordinates": [ 38.425, -22.225 ] } },
{ "type": "Feature", "properties": { "type": "lake", "name": "Aevetwael", "size": 2569.0 }, "geometry": { "type": "Point", "coordinates": [ -108.925, 37.725 ] } },
{ "type": "Feature", "properties": { "type": "lake", "name": "Phupomtae", "size": 2565.0 }, "geometry": { "type": "Point", "coordinates": [ 46.275, -12.525 ] } },
{ "type": "Feature", "properties": { "type": "lake", "name": "Taephupom", "size": 2563.0 }, "geometry": { "type": "Point", "coordinates": [ 49.0, -12.575 ] } },
{ "type": "Feature", "properties": { "type": "lake", "name": "Ozpomshae", "size": 2563.0 }, "geometry": { "type": "Point", "coordinates": [ 44.95, -15.375 ] } },
{ "type": "Feature", "properties": { "type": "lake", "name": "Eulshi", "size": 2561.0 }, "geometry": { "type": "Point", "coordinates": [ -37.05, 17.775 ] } },
{ "type": "Feature", "properties": { "type": "lake", "name": "Nauleylo", "size": 2559.0 }, "geometry": { "type": "Point", "coordinates": [ 46.375, 4.175 ] } },
{ "type": "Feature", "properties": { "type": "lake", "name": "Kheegxiph", "size": 2545.0 }, "geometry": { "type": "Point", "coordinates": [ 37.05, -25.25 ] } },
{ "type": "Feature", "properties": { "type": "lake", "name": "Aushmauwo", "size": 2522.0 }, "geometry": { "type": "Point", "coordinates": [ 34.325, -26.3 ] } },
{ "type": "Feature", "properties": { "type": "lake", "name": "Baiyetsi", "size": 2521.0 }, "geometry": { "type": "Point", "coordinates": [ -113.925, 41.525 ] } },
{ "type": "Feature", "properties": { "type": "lake", "name": "Eggikhits", "size": 2519.0 }, "geometry": { "type": "Point", "coordinates": [ 43.475, -16.5 ] } },
{ "type": "Feature", "properties": { "type": "lake", "name": "Kidungfei", "size": 2514.0 }, "geometry": { "type": "Point", "coordinates": [ -29.7, 32.925 ] } },
{ "type": "Feature", "properties": { "type": "lake", "name": "Aepaiyets", "size": 2511.0 }, "geometry": { "type": "Point", "coordinates": [ -94.625, 29.125 ] } },
{ "type": "Feature", "properties": { "type": "lake", "name": "Khetatimi", "size": 2504.0 }, "geometry": { "type": "Point", "coordinates": [ 41.45, -24.425 ] } },
{ "type": "Feature", "properties": { "type": "lake", "name": "Pommatoz", "size": 2502.0 }, "geometry": { "type": "Point", "coordinates": [ 37.375, -17.775 ] } },
{ "type": "Feature", "properties": { "type": "lake", "name": "Senleihai", "size": 2501.0 }, "geometry": { "type": "Point", "coordinates": [ -33.675, 15.6 ] } },
{ "type": "Feature", "properties": { "type": "lake", "name": "Aukzonmon", "size": 2494.0 }, "geometry": { "type": "Point", "coordinates": [ -5.3, -38.45 ] } },
{ "type": "Feature", "properties": { "type": "lake", "name": "Ikegha", "size": 2487.0 }, "geometry": { "type": "Point", "coordinates": [ -48.05, 45.575 ] } },
{ "type": "Feature", "properties": { "type": "lake", "name": "Vofafoeth", "size": 2482.0 }, "geometry": { "type": "Point", "coordinates": [ -37.8, 46.175 ] } },
{ "type": "Feature", "properties": { "type": "lake", "name": "Aipanbau", "size": 2479.0 }, "geometry": { "type": "Point", "coordinates": [ -86.6, 35.125 ] } },
{ "type": "Feature", "properties": { "type": "lake", "name": "Seggelumi", "size": 2475.0 }, "geometry": { "type": "Point", "coordinates": [ 22.75, -12.425 ] } },
{ "type": "Feature", "properties": { "type": "lake", "name": "Wsaewidei", "size": 2470.0 }, "geometry": { "type": "Point", "coordinates": [ 47.6, 9.275 ] } },
{ "type": "Feature", "properties": { "type": "lake", "name": "Wovowor", "size": 2467.0 }, "geometry": { "type": "Point", "coordinates": [ -82.85, -47.05 ] } },
{ "type": "Feature", "properties": { "type": "lake", "name": "Phaephaoz", "size": 2451.0 }, "geometry": { "type": "Point", "coordinates": [ 42.3, -7.625 ] } },
{ "type": "Feature", "properties": { "type": "lake", "name": "Faerolrau", "size": 2450.0 }, "geometry": { "type": "Point", "coordinates": [ -42.875, 7.875 ] } },
{ "type": "Feature", "properties": { "type": "lake", "name": "Vogahau", "size": 2450.0 }, "geometry": { "type": "Point", "coordinates": [ 19.75, 27.075 ] } },
{ "type": "Feature", "properties": { "type": "lake", "name": "Sungaleph", "size": 2450.0 }, "geometry": { "type": "Point", "coordinates": [ -56.325, -25.7 ] } },
{ "type": "Feature", "properties": { "type": "lake", "name": "Uchungsop", "size": 2450.0 }, "geometry": { "type": "Point", "coordinates": [ -55.825, -38.2 ] } },
{ "type": "Feature", "properties": { "type": "lake", "name": "Chaedeal", "size": 2442.0 }, "geometry": { "type": "Point", "coordinates": [ -37.625, -32.675 ] } },
{ "type": "Feature", "properties": { "type": "lake", "name": "Zagkiut", "size": 2440.0 }, "geometry": { "type": "Point", "coordinates": [ 24.0, 37.775 ] } },
{ "type": "Feature", "properties": { "type": "lake", "name": "Tuosopeth", "size": 2428.0 }, "geometry": { "type": "Point", "coordinates": [ -60.25, -28.025 ] } },
{ "type": "Feature", "properties": { "type": "lake", "name": "Naumontho", "size": 2422.0 }, "geometry": { "type": "Point", "coordinates": [ -5.8, -41.675 ] } },
{ "type": "Feature", "properties": { "type": "lake", "name": "Zbaudukei", "size": 2415.0 }, "geometry": { "type": "Point", "coordinates": [ 91.725, 87.275 ] } },
{ "type": "Feature", "properties": { "type": "lake", "name": "Shaematoz", "size": 2409.0 }, "geometry": { "type": "Point", "coordinates": [ 37.7, -9.375 ] } },
{ "type": "Feature", "properties": { "type": "lake", "name": "Ganghevu", "size": 2407.0 }, "geometry": { "type": "Point", "coordinates": [ 34.25, 3.275 ] } },
{ "type": "Feature", "properties": { "type": "lake", "name": "Phumatoz", "size": 2407.0 }, "geometry": { "type": "Point", "coordinates": [ 39.2, -9.775 ] } },
{ "type": "Feature", "properties": { "type": "lake", "name": "Peiyeiyei", "size": 2406.0 }, "geometry": { "type": "Point", "coordinates": [ 41.8, 22.125 ] } },
{ "type": "Feature", "properties": { "type": "lake", "name": "Pusegyauv", "size": 2404.0 }, "geometry": { "type": "Point", "coordinates": [ 37.975, -4.35 ] } },
{ "type": "Feature", "properties": { "type": "lake", "name": "Haghaghe", "size": 2401.0 }, "geometry": { "type": "Point", "coordinates": [ -86.225, 35.925 ] } },
{ "type": "Feature", "properties": { "type": "lake", "name": "Vushekvud", "size": 2397.0 }, "geometry": { "type": "Point", "coordinates": [ -41.8, -53.425 ] } },
{ "type": "Feature", "properties": { "type": "lake", "name": "Rafvuraem", "size": 2395.0 }, "geometry": { "type": "Point", "coordinates": [ 26.425, -11.275 ] } },
{ "type": "Feature", "properties": { "type": "lake", "name": "Tukhaumxu", "size": 2387.0 }, "geometry": { "type": "Point", "coordinates": [ -62.475, -48.7 ] } },
{ "type": "Feature", "properties": { "type": "lake", "name": "Retsaexae", "size": 2383.0 }, "geometry": { "type": "Point", "coordinates": [ -73.75, -21.675 ] } },
{ "type": "Feature", "properties": { "type": "lake", "name": "Vowvuor", "size": 2380.0 }, "geometry": { "type": "Point", "coordinates": [ -79.625, -37.425 ] } },
{ "type": "Feature", "properties": { "type": "lake", "name": "Eiwaupei", "size": 2380.0 }, "geometry": { "type": "Point", "coordinates": [ 55.725, -1.075 ] } },
{ "type": "Feature", "properties": { "type": "lake", "name": "Dxuephux", "size": 2379.0 }, "geometry": { "type": "Point", "coordinates": [ -44.5, -26.425 ] } },
{ "type": "Feature", "properties": { "type": "lake", "name": "Feghnoo", "size": 2378.0 }, "geometry": { "type": "Point", "coordinates": [ -51.025, 46.075 ] } },
{ "type": "Feature", "properties": { "type": "lake", "name": "Taivainus", "size": 2377.0 }, "geometry": { "type": "Point", "coordinates": [ 54.075, -9.575 ] } },
{ "type": "Feature", "properties": { "type": "lake", "name": "Fifayael", "size": 2376.0 }, "geometry": { "type": "Point", "coordinates": [ -43.7, 48.125 ] } },
{ "type": "Feature", "properties": { "type": "lake", "name": "Paumbiez", "size": 2372.0 }, "geometry": { "type": "Point", "coordinates": [ -52.1, 39.225 ] } },
{ "type": "Feature", "properties": { "type": "lake", "name": "Shemilei", "size": 2372.0 }, "geometry": { "type": "Point", "coordinates": [ -53.95, 61.075 ] } },
{ "type": "Feature", "properties": { "type": "lake", "name": "Udruxes", "size": 2367.0 }, "geometry": { "type": "Point", "coordinates": [ 31.9, -29.525 ] } },
{ "type": "Feature", "properties": { "type": "lake", "name": "Shekedad", "size": 2366.0 }, "geometry": { "type": "Point", "coordinates": [ -60.725, -49.5 ] } },
{ "type": "Feature", "properties": { "type": "lake", "name": "Vuvowyuts", "size": 2356.0 }, "geometry": { "type": "Point", "coordinates": [ -66.5, -37.35 ] } },
{ "type": "Feature", "properties": { "type": "lake", "name": "Ghorolaen", "size": 2356.0 }, "geometry": { "type": "Point", "coordinates": [ -45.55, 8.175 ] } },
{ "type": "Feature", "properties": { "type": "lake", "name": "Daupauli", "size": 2354.0 }, "geometry": { "type": "Point", "coordinates": [ -56.575, 70.575 ] } },
{ "type": "Feature", "properties": { "type": "lake", "name": "Eiwauwaum", "size": 2343.0 }, "geometry": { "type": "Point", "coordinates": [ 51.9, 4.225 ] } },
{ "type": "Feature", "properties": { "type": "lake", "name": "Vauvowzai", "size": 2342.0 }, "geometry": { "type": "Point", "coordinates": [ -81.55, -34.575 ] } },
{ "type": "Feature", "properties": { "type": "lake", "name": "Molotheth", "size": 2342.0 }, "geometry": { "type": "Point", "coordinates": [ 45.35, -4.525 ] } },
{ "type": "Feature", "properties": { "type": "lake", "name": "Gamharau", "size": 2338.0 }, "geometry": { "type": "Point", "coordinates": [ -84.15, 37.975 ] } },
{ "type": "Feature", "properties": { "type": "lake", "name": "Yuuvzuaru", "size": 2334.0 }, "geometry": { "type": "Point", "coordinates": [ -77.225, -36.525 ] } },
{ "type": "Feature", "properties": { "type": "lake", "name": "Dewaetsvi", "size": 2330.0 }, "geometry": { "type": "Point", "coordinates": [ -106.15, 45.225 ] } },
{ "type": "Feature", "properties": { "type": "lake", "name": "Laizaemvu", "size": 2317.0 }, "geometry": { "type": "Point", "coordinates": [ -62.775, -56.375 ] } },
{ "type": "Feature", "properties": { "type": "lake", "name": "Yarovfa", "size": 2316.0 }, "geometry": { "type": "Point", "coordinates": [ -40.25, 48.475 ] } },
{ "type": "Feature", "properties": { "type": "lake", "name": "Aldechmu", "size": 2315.0 }, "geometry": { "type": "Point", "coordinates": [ -51.85, -38.725 ] } },
{ "type": "Feature", "properties": { "type": "lake", "name": "Panaigegh", "size": 2314.0 }, "geometry": { "type": "Point", "coordinates": [ -88.7, 43.425 ] } },
{ "type": "Feature", "properties": { "type": "lake", "name": "Pugangseg", "size": 2308.0 }, "geometry": { "type": "Point", "coordinates": [ 22.575, -10.775 ] } },
{ "type": "Feature", "properties": { "type": "lake", "name": "Haraubau", "size": 2305.0 }, "geometry": { "type": "Point", "coordinates": [ -80.325, 45.225 ] } },
{ "type": "Feature", "properties": { "type": "lake", "name": "Ozphaan", "size": 2299.0 }, "geometry": { "type": "Point", "coordinates": [ 39.15, -7.375 ] } },
{ "type": "Feature", "properties": { "type": "lake", "name": "Xaeghaefu", "size": 2295.0 }, "geometry": { "type": "Point", "coordinates": [ -72.7, -31.375 ] } },
{ "type": "Feature", "properties": { "type": "lake", "name": "Yetsviwen", "size": 2293.0 }, "geometry": { "type": "Point", "coordinates": [ -115.05, 40.125 ] } },
{ "type": "Feature", "properties": { "type": "lake", "name": "Raexaefu", "size": 2290.0 }, "geometry": { "type": "Point", "coordinates": [ -78.35, -31.575 ] } },
{ "type": "Feature", "properties": { "type": "lake", "name": "Khuzushu", "size": 2289.0 }, "geometry": { "type": "Point", "coordinates": [ -75.75, -45.175 ] } },
{ "type": "Feature", "properties": { "type": "lake", "name": "Dedxuchae", "size": 2289.0 }, "geometry": { "type": "Point", "coordinates": [ -40.475, -26.925 ] } },
{ "type": "Feature", "properties": { "type": "lake", "name": "Fuvrafge", "size": 2289.0 }, "geometry": { "type": "Point", "coordinates": [ 21.25, -12.975 ] } },
{ "type": "Feature", "properties": { "type": "lake", "name": "Itimkhav", "size": 2288.0 }, "geometry": { "type": "Point", "coordinates": [ 47.25, -18.35 ] } },
{ "type": "Feature", "properties": { "type": "lake", "name": "Yukhushu", "size": 2286.0 }, "geometry": { "type": "Point", "coordinates": [ -74.325, -52.025 ] } },
{ "type": "Feature", "properties": { "type": "lake", "name": "Itavain", "size": 2281.0 }, "geometry": { "type": "Point", "coordinates": [ 41.85, -16.575 ] } },
{ "type": "Feature", "properties": { "type": "lake", "name": "Nachgavo", "size": 2276.0 }, "geometry": { "type": "Point", "coordinates": [ 3.3, 35.125 ] } },
{ "type": "Feature", "properties": { "type": "lake", "name": "Taematan", "size": 2275.0 }, "geometry": { "type": "Point", "coordinates": [ 27.95, -17.125 ] } },
{ "type": "Feature", "properties": { "type": "lake", "name": "Devaedvi", "size": 2273.0 }, "geometry": { "type": "Point", "coordinates": [ -103.75, 30.175 ] } },
{ "type": "Feature", "properties": { "type": "lake", "name": "Raibkaime", "size": 2272.0 }, "geometry": { "type": "Point", "coordinates": [ -70.5, 35.375 ] } },
{ "type": "Feature", "properties": { "type": "lake", "name": "Oryulai", "size": 2267.0 }, "geometry": { "type": "Point", "coordinates": [ -67.125, -37.85 ] } },
{ "type": "Feature", "properties": { "type": "lake", "name": "Uxdesaira", "size": 2267.0 }, "geometry": { "type": "Point", "coordinates": [ -45.075, -29.125 ] } },
{ "type": "Feature", "properties": { "type": "lake", "name": "Zuppomani", "size": 2264.0 }, "geometry": { "type": "Point", "coordinates": [ 33.75, -12.375 ] } },
{ "type": "Feature", "properties": { "type": "lake", "name": "Pankaibau", "size": 2256.0 }, "geometry": { "type": "Point", "coordinates": [ -77.225, 47.025 ] } },
{ "type": "Feature", "properties": { "type": "lake", "name": "Gepuyauv", "size": 2255.0 }, "geometry": { "type": "Point", "coordinates": [ 22.875, -13.425 ] } },
{ "type": "Feature", "properties": { "type": "lake", "name": "Uffaiwaum", "size": 2253.0 }, "geometry": { "type": "Point", "coordinates": [ 34.325, -28.525 ] } },
{ "type": "Feature", "properties": { "type": "lake", "name": "Woorzuaru", "size": 2253.0 }, "geometry": { "type": "Point", "coordinates": [ -64.725, -46.075 ] } },
{ "type": "Feature", "properties": { "type": "lake", "name": "Aitsuvvau", "size": 2251.0 }, "geometry": { "type": "Point", "coordinates": [ -74.275, -49.475 ] } },
{ "type": "Feature", "properties": { "type": "lake", "name": "Peiweingbeipiraai", "size": 2250.0 }, "geometry": { "type": "Point", "coordinates": [ 48.2, -4.15 ] } },
{ "type": "Feature", "properties": { "type": "lake", "name": "Susegpu", "size": 2248.0 }, "geometry": { "type": "Point", "coordinates": [ 34.675, -4.975 ] } },
{ "type": "Feature", "properties": { "type": "lake", "name": "Iphiynau", "size": 2246.0 }, "geometry": { "type": "Point", "coordinates": [ -85.725, 51.625 ] } },
{ "type": "Feature", "properties": { "type": "lake", "name": "Kabthaix", "size": 2243.0 }, "geometry": { "type": "Point", "coordinates": [ -59.625, -53.075 ] } },
{ "type": "Feature", "properties": { "type": "lake", "name": "Aubeipgon", "size": 2240.0 }, "geometry": { "type": "Point", "coordinates": [ 60.375, -6.925 ] } },
{ "type": "Feature", "properties": { "type": "lake", "name": "Ozzaikhan", "size": 2237.0 }, "geometry": { "type": "Point", "coordinates": [ 27.05, -12.075 ] } },
{ "type": "Feature", "properties": { "type": "lake", "name": "Timkevius", "size": 2235.0 }, "geometry": { "type": "Point", "coordinates": [ 43.65, -23.8 ] } },
{ "type": "Feature", "properties": { "type": "lake", "name": "Vikhipai", "size": 2234.0 }, "geometry": { "type": "Point", "coordinates": [ -101.775, 33.825 ] } },
{ "type": "Feature", "properties": { "type": "lake", "name": "Thomodo", "size": 2233.0 }, "geometry": { "type": "Point", "coordinates": [ -101.475, 37.475 ] } },
{ "type": "Feature", "properties": { "type": "lake", "name": "Wighaulae", "size": 2230.0 }, "geometry": { "type": "Point", "coordinates": [ 46.075, 8.775 ] } },
{ "type": "Feature", "properties": { "type": "lake", "name": "Soptuxix", "size": 2230.0 }, "geometry": { "type": "Point", "coordinates": [ -58.9, -40.6 ] } },
{ "type": "Feature", "properties": { "type": "lake", "name": "Ukbauzbau", "size": 2228.0 }, "geometry": { "type": "Point", "coordinates": [ 63.475, 86.675 ] } },
{ "type": "Feature", "properties": { "type": "lake", "name": "Vobaesmei", "size": 2227.0 }, "geometry": { "type": "Point", "coordinates": [ -44.65, 9.325 ] } },
{ "type": "Feature", "properties": { "type": "lake", "name": "Heigharau", "size": 2225.0 }, "geometry": { "type": "Point", "coordinates": [ -87.275, 32.125 ] } },
{ "type": "Feature", "properties": { "type": "lake", "name": "Immyii", "size": 2222.0 }, "geometry": { "type": "Point", "coordinates": [ 25.5, 33.325 ] } },
{ "type": "Feature", "properties": { "type": "lake", "name": "Vuyutszai", "size": 2222.0 }, "geometry": { "type": "Point", "coordinates": [ -73.25, -40.875 ] } },
{ "type": "Feature", "properties": { "type": "range", "name": "Ugauzbau", "size": 30795.0 }, "geometry": { "type": "Point", "coordinates": [ -0.45, 85.95 ] } },
{ "type": "Feature", "properties": { "type": "range", "name": "Lipailai", "size": 66669.0 }, "geometry": { "type": "Point", "coordinates": [ -84.2, 85.35 ] } },
{ "type": "Feature", "properties": { "type": "range", "name": "Lirezi", "size": 21667.0 }, "geometry": { "type": "Point", "coordinates": [ -59.3, 71.85 ] } },
{ "type": "Feature", "properties": { "type": "range", "name": "Phiyivai", "size": 25048.0 }, "geometry": { "type": "Point", "coordinates": [ -60.05, 69.85 ] } },
{ "type": "Feature", "properties": { "type": "range", "name": "Phiyilong", "size": 9141.0 }, "geometry": { "type": "Point", "coordinates": [ -65.35, 69.65 ] } },
{ "type": "Feature", "properties": { "type": "range", "name": "Iveipho", "size": 14142.0 }, "geometry": { "type": "Point", "coordinates": [ -63.8, 66.95 ] } },
{ "type": "Feature", "properties": { "type": "range", "name": "Isaushei", "size": 7809.0 }, "geometry": { "type": "Point", "coordinates": [ -75.75, 65.25 ] } },
{ "type": "Feature", "properties": { "type": "range", "name": "Phauyisau", "size": 7984.0 }, "geometry": { "type": "Point", "coordinates": [ -65.5, 63.15 ] } },
{ "type": "Feature", "properties": { "type": "range", "name": "Iveiphauy", "size": 9017.0 }, "geometry": { "type": "Point", "coordinates": [ -47.4, 59.6 ] } },
{ "type": "Feature", "properties": { "type": "range", "name": "Giuffihor", "size": 441299.0 }, "geometry": { "type": "Point", "coordinates": [ 28.8, 52.15 ] } },
{ "type": "Feature", "properties": { "type": "range", "name": "Smawarip", "size": 3541749.0 }, "geometry": { "type": "Point", "coordinates": [ 58.6, 43.85 ] } },
{ "type": "Feature", "properties": { "type": "range", "name": "Shaughoga", "size": 497967.0 }, "geometry": { "type": "Point", "coordinates": [ 14.1, 48.95 ] } },
{ "type": "Feature", "properties": { "type": "range", "name": "Vauvogaum", "size": 11555.0 }, "geometry": { "type": "Point", "coordinates": [ 18.1, 51.05 ] } },
{ "type": "Feature", "properties": { "type": "range", "name": "Hizagfih", "size": 5246.0 }, "geometry": { "type": "Point", "coordinates": [ 42.25, 51.45 ] } },
{ "type": "Feature", "properties": { "type": "range", "name": "Eihifugh", "size": 589386.0 }, "geometry": { "type": "Point", "coordinates": [ 25.15, 44.65 ] } },
{ "type": "Feature", "properties": { "type": "range", "name": "Xaghafne", "size": 6884.0 }, "geometry": { "type": "Point", "coordinates": [ -13.6, 46.6 ] } },
{ "type": "Feature", "properties": { "type": "range", "name": "Fthefnea", "size": 17777.0 }, "geometry": { "type": "Point", "coordinates": [ -9.9, 44.25 ] } },
{ "type": "Feature", "properties": { "type": "range", "name": "Nethageix", "size": 12671.0 }, "geometry": { "type": "Point", "coordinates": [ -16.1, 44.75 ] } },
{ "type": "Feature", "properties": { "type": "range", "name": "Ganhauho", "size": 116564.0 }, "geometry": { "type": "Point", "coordinates": [ 8.15, 42.25 ] } },
{ "type": "Feature", "properties": { "type": "range", "name": "Ganvauni", "size": 175471.0 }, "geometry": { "type": "Point", "coordinates": [ 15.7, 39.95 ] } },
{ "type": "Feature", "properties": { "type": "range", "name": "Gavohau", "size": 64690.0 }, "geometry": { "type": "Point", "coordinates": [ -1.15, 40.85 ] } },
{ "type": "Feature", "properties": { "type": "range", "name": "Lagigha", "size": 6941.0 }, "geometry": { "type": "Point", "coordinates": [ 29.5, 41.65 ] } },
{ "type": "Feature", "properties": { "type": "range", "name": "Dpesauwa", "size": 32516.0 }, "geometry": { "type": "Point", "coordinates": [ 56.7, 40.85 ] } },
{ "type": "Feature", "properties": { "type": "range", "name": "Hotsazei", "size": 6089.0 }, "geometry": { "type": "Point", "coordinates": [ 2.25, 38.65 ] } },
{ "type": "Feature", "properties": { "type": "range", "name": "Nitsagig", "size": 5659.0 }, "geometry": { "type": "Point", "coordinates": [ 21.85, 40.35 ] } },
{ "type": "Feature", "properties": { "type": "range", "name": "Vonizeits", "size": 4501.0 }, "geometry": { "type": "Point", "coordinates": [ 22.15, 39.2 ] } },
{ "type": "Feature", "properties": { "type": "range", "name": "Hauhogig", "size": 40951.0 }, "geometry": { "type": "Point", "coordinates": [ -4.45, 37.45 ] } },
{ "type": "Feature", "properties": { "type": "range", "name": "Tsaganvo", "size": 5718.0 }, "geometry": { "type": "Point", "coordinates": [ 13.9, 35.95 ] } },
{ "type": "Feature", "properties": { "type": "range", "name": "Zeichhoni", "size": 10104.0 }, "geometry": { "type": "Point", "coordinates": [ -2.75, 35.95 ] } },
{ "type": "Feature", "properties": { "type": "range", "name": "Seshiul", "size": 4041.0 }, "geometry": { "type": "Point", "coordinates": [ -30.65, 35.1 ] } },
{ "type": "Feature", "properties": { "type": "range", "name": "Ihkitheih", "size": 8167.0 }, "geometry": { "type": "Point", "coordinates": [ -32.15, 33.45 ] } },
{ "type": "Feature", "properties": { "type": "range", "name": "Heidungse", "size": 21324.0 }, "geometry": { "type": "Point", "coordinates": [ -25.8, 32.1 ] } },
{ "type": "Feature", "properties": { "type": "range", "name": "Nleheiki", "size": 4140.0 }, "geometry": { "type": "Point", "coordinates": [ -23.45, 33.0 ] } },
{ "type": "Feature", "properties": { "type": "range", "name": "Axefegh", "size": 38960.0 }, "geometry": { "type": "Point", "coordinates": [ -34.4, 31.75 ] } },
{ "type": "Feature", "properties": { "type": "range", "name": "Efeisein", "size": 6613.0 }, "geometry": { "type": "Point", "coordinates": [ -31.05, 31.95 ] } },
{ "type": "Feature", "properties": { "type": "range", "name": "Yepyeipei", "size": 33479.0 }, "geometry": { "type": "Point", "coordinates": [ 33.9, 30.95 ] } },
{ "type": "Feature", "properties": { "type": "range", "name": "Meirbauha", "size": 6664.0 }, "geometry": { "type": "Point", "coordinates": [ -85.25, 31.25 ] } },
{ "type": "Feature", "properties": { "type": "range", "name": "Ulghunse", "size": 14361.0 }, "geometry": { "type": "Point", "coordinates": [ -32.25, 29.95 ] } },
{ "type": "Feature", "properties": { "type": "range", "name": "Xeghikae", "size": 7039.0 }, "geometry": { "type": "Point", "coordinates": [ -37.2, 28.95 ] } },
{ "type": "Feature", "properties": { "type": "range", "name": "Wpaumyike", "size": 56414.0 }, "geometry": { "type": "Point", "coordinates": [ 29.75, 27.05 ] } },
{ "type": "Feature", "properties": { "type": "range", "name": "Hifeiki", "size": 142462.0 }, "geometry": { "type": "Point", "coordinates": [ -35.2, 26.35 ] } },
{ "type": "Feature", "properties": { "type": "range", "name": "Keidethse", "size": 7669.0 }, "geometry": { "type": "Point", "coordinates": [ -29.3, 27.65 ] } },
{ "type": "Feature", "properties": { "type": "range", "name": "Sohaumae", "size": 6180.0 }, "geometry": { "type": "Point", "coordinates": [ -39.65, 26.55 ] } },
{ "type": "Feature", "properties": { "type": "range", "name": "Dpewamdan", "size": 5650.0 }, "geometry": { "type": "Point", "coordinates": [ 43.6, 26.35 ] } },
{ "type": "Feature", "properties": { "type": "range", "name": "Aekiwyei", "size": 11255.0 }, "geometry": { "type": "Point", "coordinates": [ 37.6, 25.85 ] } },
{ "type": "Feature", "properties": { "type": "range", "name": "Vohghaeso", "size": 126241.0 }, "geometry": { "type": "Point", "coordinates": [ -38.55, 23.35 ] } },
{ "type": "Feature", "properties": { "type": "range", "name": "Chemfeiki", "size": 5254.0 }, "geometry": { "type": "Point", "coordinates": [ -28.25, 25.45 ] } },
{ "type": "Feature", "properties": { "type": "range", "name": "Heiseulir", "size": 19879.0 }, "geometry": { "type": "Point", "coordinates": [ -29.55, 24.15 ] } },
{ "type": "Feature", "properties": { "type": "range", "name": "Dungesein", "size": 24636.0 }, "geometry": { "type": "Point", "coordinates": [ -34.95, 22.75 ] } },
{ "type": "Feature", "properties": { "type": "range", "name": "Maeghaiso", "size": 166654.0 }, "geometry": { "type": "Point", "coordinates": [ -40.35, 18.45 ] } },
{ "type": "Feature", "properties": { "type": "range", "name": "Setheihhi", "size": 76080.0 }, "geometry": { "type": "Point", "coordinates": [ -31.75, 20.35 ] } },
{ "type": "Feature", "properties": { "type": "range", "name": "Seineih", "size": 131463.0 }, "geometry": { "type": "Point", "coordinates": [ -37.25, 15.55 ] } },
{ "type": "Feature", "properties": { "type": "range", "name": "Iheidung", "size": 15616.0 }, "geometry": { "type": "Point", "coordinates": [ -33.3, 16.85 ] } },
{ "type": "Feature", "properties": { "type": "range", "name": "Einleki", "size": 6388.0 }, "geometry": { "type": "Point", "coordinates": [ -30.2, 16.95 ] } },
{ "type": "Feature", "properties": { "type": "range", "name": "Hiulhei", "size": 11459.0 }, "geometry": { "type": "Point", "coordinates": [ -30.65, 15.25 ] } },
{ "type": "Feature", "properties": { "type": "range", "name": "Maesogho", "size": 14675.0 }, "geometry": { "type": "Point", "coordinates": [ -41.7, 11.25 ] } },
{ "type": "Feature", "properties": { "type": "range", "name": "Sowaisaen", "size": 13994.0 }, "geometry": { "type": "Point", "coordinates": [ -45.1, 10.25 ] } },
{ "type": "Feature", "properties": { "type": "range", "name": "Waefaewai", "size": 36679.0 }, "geometry": { "type": "Point", "coordinates": [ -39.8, 8.55 ] } },
{ "type": "Feature", "properties": { "type": "range", "name": "Ghovowae", "size": 3906.0 }, "geometry": { "type": "Point", "coordinates": [ -45.95, 9.15 ] } },
{ "type": "Feature", "properties": { "type": "range", "name": "Laenrofae", "size": 29539.0 }, "geometry": { "type": "Point", "coordinates": [ -42.0, 7.4 ] } },
{ "type": "Feature", "properties": { "type": "range", "name": "Ghohauwae", "size": 8573.0 }, "geometry": { "type": "Point", "coordinates": [ -43.65, 7.85 ] } },
{ "type": "Feature", "properties": { "type": "range", "name": "Maemeivae", "size": 5149.0 }, "geometry": { "type": "Point", "coordinates": [ -55.5, 7.5 ] } },
{ "type": "Feature", "properties": { "type": "range", "name": "Rovogho", "size": 43038.0 }, "geometry": { "type": "Point", "coordinates": [ -44.35, 6.05 ] } },
{ "type": "Feature", "properties": { "type": "range", "name": "Votsowot", "size": 28711.0 }, "geometry": { "type": "Point", "coordinates": [ 29.85, 7.2 ] } },
{ "type": "Feature", "properties": { "type": "range", "name": "Sobaeshau", "size": 444145.0 }, "geometry": { "type": "Point", "coordinates": [ -54.95, 1.65 ] } },
{ "type": "Feature", "properties": { "type": "range", "name": "Meivovae", "size": 7631.0 }, "geometry": { "type": "Point", "coordinates": [ -48.35, 5.45 ] } },
{ "type": "Feature", "properties": { "type": "range", "name": "Vaishauro", "size": 34525.0 }, "geometry": { "type": "Point", "coordinates": [ -46.65, 4.35 ] } },
{ "type": "Feature", "properties": { "type": "range", "name": "Aibemvae", "size": 168183.0 }, "geometry": { "type": "Point", "coordinates": [ -47.8, -0.25 ] } },
{ "type": "Feature", "properties": { "type": "range", "name": "Laumtebam", "size": 3830.0 }, "geometry": { "type": "Point", "coordinates": [ -53.6, -2.25 ] } },
{ "type": "Feature", "properties": { "type": "range", "name": "Tebabbem", "size": 7402.0 }, "geometry": { "type": "Point", "coordinates": [ -47.15, -3.75 ] } },
{ "type": "Feature", "properties": { "type": "range", "name": "Babbamyei", "size": 42000.0 }, "geometry": { "type": "Point", "coordinates": [ -48.8, -4.85 ] } },
{ "type": "Feature", "properties": { "type": "range", "name": "Aitaumvae", "size": 10192.0 }, "geometry": { "type": "Point", "coordinates": [ -48.6, -6.8 ] } },
{ "type": "Feature", "properties": { "type": "range", "name": "Taumaiyei", "size": 17918.0 }, "geometry": { "type": "Point", "coordinates": [ -52.7, -7.05 ] } },
{ "type": "Feature", "properties": { "type": "range", "name": "Mamfabain", "size": 4651.0 }, "geometry": { "type": "Point", "coordinates": [ -49.35, -8.1 ] } },
{ "type": "Feature", "properties": { "type": "range", "name": "Levaetbei", "size": 4402.0 }, "geometry": { "type": "Point", "coordinates": [ -53.85, -8.45 ] } },
{ "type": "Feature", "properties": { "type": "range", "name": "Rengdore", "size": 18745.0 }, "geometry": { "type": "Point", "coordinates": [ -54.05, -10.05 ] } },
{ "type": "Feature", "properties": { "type": "range", "name": "Ekhaeyyoy", "size": 7117.0 }, "geometry": { "type": "Point", "coordinates": [ -56.35, -12.7 ] } },
{ "type": "Feature", "properties": { "type": "range", "name": "Mamsaeban", "size": 14545.0 }, "geometry": { "type": "Point", "coordinates": [ -52.05, -13.55 ] } },
{ "type": "Feature", "properties": { "type": "range", "name": "Tmeibii", "size": 1814952.0 }, "geometry": { "type": "Point", "coordinates": [ 70.95, -19.1 ] } },
{ "type": "Feature", "properties": { "type": "range", "name": "Raetsure", "size": 11156.0 }, "geometry": { "type": "Point", "coordinates": [ -73.25, -14.0 ] } },
{ "type": "Feature", "properties": { "type": "range", "name": "Ehothai", "size": 38346.0 }, "geometry": { "type": "Point", "coordinates": [ -56.35, -16.85 ] } },
{ "type": "Feature", "properties": { "type": "range", "name": "Bekauxha", "size": 6007.0 }, "geometry": { "type": "Point", "coordinates": [ -63.1, -17.75 ] } },
{ "type": "Feature", "properties": { "type": "range", "name": "Doryakhea", "size": 3651.0 }, "geometry": { "type": "Point", "coordinates": [ -58.95, -17.65 ] } },
{ "type": "Feature", "properties": { "type": "range", "name": "Ghaerefu", "size": 3856.0 }, "geometry": { "type": "Point", "coordinates": [ -66.75, -19.0 ] } },
{ "type": "Feature", "properties": { "type": "range", "name": "Ayoyhotha", "size": 44953.0 }, "geometry": { "type": "Point", "coordinates": [ -56.55, -21.55 ] } },
{ "type": "Feature", "properties": { "type": "range", "name": "Uydoraus", "size": 187482.0 }, "geometry": { "type": "Point", "coordinates": [ -58.75, -23.85 ] } },
{ "type": "Feature", "properties": { "type": "range", "name": "Ehothaash", "size": 4057.0 }, "geometry": { "type": "Point", "coordinates": [ -52.05, -24.35 ] } },
{ "type": "Feature", "properties": { "type": "range", "name": "Sungaldxu", "size": 7203.0 }, "geometry": { "type": "Point", "coordinates": [ -55.4, -24.45 ] } },
{ "type": "Feature", "properties": { "type": "range", "name": "Chiusop", "size": 6840.0 }, "geometry": { "type": "Point", "coordinates": [ -57.65, -26.75 ] } },
{ "type": "Feature", "properties": { "type": "range", "name": "Xaekhedai", "size": 12094.0 }, "geometry": { "type": "Point", "coordinates": [ -68.35, -28.0 ] } },
{ "type": "Feature", "properties": { "type": "range", "name": "Usopxixus", "size": 13197.0 }, "geometry": { "type": "Point", "coordinates": [ -63.5, -28.05 ] } },
{ "type": "Feature", "properties": { "type": "range", "name": "Tuumxu", "size": 24139.0 }, "geometry": { "type": "Point", "coordinates": [ -61.35, -29.6 ] } },
{ "type": "Feature", "properties": { "type": "range", "name": "Osopdauph", "size": 20491.0 }, "geometry": { "type": "Point", "coordinates": [ -67.3, -30.8 ] } },
{ "type": "Feature", "properties": { "type": "range", "name": "Khautusum", "size": 5615.0 }, "geometry": { "type": "Point", "coordinates": [ -59.6, -37.1 ] } },
{ "type": "Feature", "properties": { "type": "range", "name": "Uvzaizuar", "size": 17280.0 }, "geometry": { "type": "Point", "coordinates": [ -70.2, -37.85 ] } },
{ "type": "Feature", "properties": { "type": "range", "name": "Chioxix", "size": 14505.0 }, "geometry": { "type": "Point", "coordinates": [ -55.7, -42.45 ] } },
{ "type": "Feature", "properties": { "type": "range", "name": "Osodauph", "size": 7117.0 }, "geometry": { "type": "Point", "coordinates": [ -57.85, -45.3 ] } },
{ "type": "Feature", "properties": { "type": "range", "name": "Kabkegaid", "size": 5170.0 }, "geometry": { "type": "Point", "coordinates": [ -54.35, -45.7 ] } },
{ "type": "Feature", "properties": { "type": "range", "name": "Daduvub", "size": 3510.0 }, "geometry": { "type": "Point", "coordinates": [ -56.9, -47.45 ] } }
]
}
